Handle,Title,Body (HTML),Vendor,Tags,Option1 Name,Option1 Value
"montale-crazy-in-love","MONTALE CRAZY IN LOVE","<p>Azafrán, pétalos de rosa, cardamomo y limón dan una salida especiada y floral, con un punto cítrico. En el corazón, la rosa y la violeta se cruzan con el sándalo, y el fondo se instala con ámbar, vainilla, azúcar moreno, almizcle blanco y musgo de roble.</p><p>Un floral oriental para mujer, especiado y goloso, donde la rosa y el azafrán se entrelazan con la vainilla. Se luce cuando refresca. Eau de Parfum de 100 ml.</p>","MONTALE","Catálogo, Para descubrir, Velmont, Casa: MONTALE","Title","Default Title"
"sugardaddy-1","SUGARDADDY","<p>Sugardaddy abre con mandarina, bergamota y grosella negra. El corazón, suave y especiado, trae nuez moscada, clavo, jazmín y ámbar gris blanco, y el fondo se calienta con musgo, cashmere y pachulí.</p><p>Un gourmand ambarado unisex, dulce y coqueto, que Fugazzi asocia con la hora dorada frente al mar. Extrait de Parfum.</p>","FUGAZZI","100 ml, Casa: FUGAZZI, Catálogo, Para descubrir, Unisex, Velmont","Title","Default Title"
"mancera-roses-vanille","MANCERA ROSES VANILLE","<p>Limón de Calabria abre Roses Vanille con un toque fresco. En el corazón aparece una rosa loukoum, dulce como la delicia turca, y el fondo se asienta en madera de cedro, vainilla intensa y almizcle blanco.</p><p>Un gourmand de rosa y vainilla cremosa con un punto de azúcar, que Mancera presenta como un éxito unisex. Eau de Parfum de 120 ml.</p>","MANCERA","Catálogo, Para descubrir, Velmont, Casa: MANCERA","Title","Default Title"
"lyche-fiyi-88","LYCHE FIYI 88","<p>Lyche Fiyi 88 es un frutal floral de Another Lab (A.LAB) con el lichi como protagonista, pensado para mujer.</p><p>Extrait de Parfum de 90 ml. Si quieres saber cómo huele antes de elegirlo, escríbenos y te asesoramos.</p>","ANOTHER LAB","100 ml, Casa: ANOTHER LAB, Catálogo, Para descubrir, Para Ella, Velmont","Title","Default Title"
"mancera-instant-crush-1","MANCERA INSTANT CRUSH","<p>Cítricos, azafrán y jengibre abren Instant Crush con una frescura delicada. El corazón une la rosa de Marruecos, el jazmín egipcio y el ámbar, y el fondo se vuelve suave y goloso con sándalo, musgo de roble, vainilla y almizcle blanco.</p><p>Un ámbar gourmand unisex y opulento, que la casa resume en azafrán, ámbar y vainilla. Eau de Parfum de 120 ml.</p>","MANCERA","Catálogo, Para descubrir, Velmont, Casa: MANCERA","Title","Default Title"
"mancera-french-riviera","MANCERA FRENCH RIVIERA","<p>Mandarina, naranja y limón, con jengibre y pimienta, abren French Riviera con una salida cítrica y especiada. El corazón trae notas marinas y yodadas, flor de tiaré, mimosa, pino y vetiver, y el fondo se asienta en ámbar, sal marina y almizcle blanco.</p><p>Un marino solar unisex, salino y vegetal, que Mancera describe como una brisa mediterránea. Eau de Parfum de 120 ml.</p>","MANCERA","Catálogo, Para descubrir, Velmont, Casa: MANCERA","Title","Default Title"
"korbaj-rose-sands","KORBAJ ROSE SANDS","<p>Caramelo y leche abren Rose Sands con una salida cremosa y dulce. La miel y el haba tonka dan calidez al corazón, y el fondo se asienta en vainilla y almizcle blanco.</p><p>Un gourmand oriental de vainilla que la casa presenta para mujer, aunque cualquiera lo puede llevar. Para la tarde y la noche, en otoño e invierno. Extrait de Parfum de 100 ml.</p>","KORBAJ","Catálogo, Para descubrir, Velmont, Casa: KORBAJ","Title","Default Title"
"monaco-11","MÓNACO 11","<p>Mónaco 11 es un cítrico amaderado y fresco de Another Lab (A.LAB).</p><p>Extrait de Parfum de 90 ml. Si quieres saber cómo huele antes de elegirlo, escríbenos y te asesoramos.</p>","ANOTHER LAB","100 ml, Casa: ANOTHER LAB, Catálogo, Para descubrir, Para Ella, Para Él, Unisex, Velmont","Title","Default Title"
"korbaj-toxic-desire","KORBAJ TOXIC DESIRE","<p>Aceite de coñac abre Toxic Desire con una salida licorosa y cálida. En el corazón aparecen el roble, la canela y el haba tonka, y el fondo se asienta en sándalo, praliné y vainilla.</p><p>Un gourmand amaderado unisex que la casa propone para la noche, en otoño e invierno: citas y salidas. Extrait de Parfum de 100 ml.</p>","KORBAJ","Catálogo, Para descubrir, Velmont, Casa: KORBAJ","Title","Default Title"
"korbaj-musky-signature","KORBAJ MUSKY SIGNATURE","<p>Musky Signature abre con limón de Sicilia, bergamota, grosella negra y un toque especiado. El corazón, frutal y floral, mezcla jazmín de agua y hoja de pachulí, y el fondo reúne cedro, cuero, sándalo, vainilla, almizcle blanco y musgo.</p><p>Un chipre cítrico unisex que Korbaj propone como perfume de firma, de día y de noche, en primavera y otoño. Extrait de Parfum de 100 ml.</p>","KORBAJ","Catálogo, Para descubrir, Velmont, Casa: KORBAJ","Title","Default Title"
"korbaj-emir","KORBAJ EMIR","<p>Emir abre con naranja y limón de Sicilia y bergamota de Calabria. En el corazón aparece un acorde de frutas jugosas, y el fondo se vuelve cálido y limpio con almizcle blanco, vainilla de Madagascar y ámbar.</p><p>Un cítrico gourmand unisex pensado para el día, en primavera y verano: la oficina, las tardes de calor o un plan de fin de semana. Extrait de Parfum de 100 ml.</p>","KORBAJ","Catálogo, Para descubrir, Velmont, Casa: KORBAJ","Title","Default Title"
"korbaj-amara","KORBAJ AMARA","<p>Amara abre con fresa, frambuesa, mora, cereza ácida y grosella negra, junto a mandarina y limón. En el corazón aparecen la violeta y el jazmín, y el fondo reúne almizcle, vainilla, cashmeran, cedro, ámbar, musgo de roble y pachulí.</p><p>Un frutal floral ambarado para mujer, pensado para la tarde y la noche, en otoño y primavera. Es una edición limitada de 300 frascos, mezclada a mano en Emiratos Árabes Unidos. Extrait de Parfum de 100 ml.</p>","KORBAJ","Catálogo, Para descubrir, Parfum, Velmont, Casa: KORBAJ","Title","Default Title"
"ilmin-il-voss","ILMIN IL VOSS","<p>Il Voss abre con mandarina y bergamota. En el corazón, la vainilla y el ámbar se cruzan con jazmín, almizcle y un toque de pimienta negra, y el fondo se asienta en musgo de roble, cedro y ámbar gris.</p><p>Un floral frutal cálido y luminoso, con la vainilla y la mandarina en equilibrio, que encaja en tardes y noches. Unisex. Extrait de Parfum de 30 ml.</p>","ILMIN","Casa: ILMIN, Catálogo, Para descubrir, Velmont","Title","Default Title"
"parfum-1","PARFUM 1","<p>Parfum 1 abre fresco, con cítricos, grosella negra, hierbabuena y mandarina satsuma. En el corazón aparecen la davana, el olíbano, la flor de azahar y la pimienta rosa, y el fondo se asienta en pachulí, almizcle, sándalo australiano y cedro.</p><p>Un especiado amaderado unisex que Fugazzi define como potente y misterioso, pensado para subirle el tono a cualquier situación. Extrait de Parfum de 100 ml.</p>","FUGAZZI","100 ml, Casa: FUGAZZI, Catálogo, Para descubrir, Unisex, Velmont","Title","Default Title"
"ilmin-il-roso","ILMIN IL ROSO","<p>Cítrico al abrir y cálido al final, así se mueve Il Roso: bergamota y ruibarbo primero, luego rosa con nuez moscada, y un fondo ambarado de incienso, vainilla y almizcle blanco.</p><p>Unisex y con un aire romántico, va bien de noche y en celebraciones. Extrait de Parfum de 30 ml.</p>","ILMIN","Casa: ILMIN, Catálogo, Para descubrir, Velmont","Title","Default Title"
"ilmin-il-prospere","ILMIN IL PROSPERE","<p>Il Prospere es uno de los Extrait de Parfum de autor de ILMIN, la casa de perfumería de nicho de Medellín, en frasco de 30 ml.</p><p>Unisex. Si quieres saber cómo huele antes de elegirlo, escríbenos y te asesoramos.</p>","ILMIN","Casa: ILMIN, Catálogo, Para descubrir, Velmont","Title","Default Title"
"ilmin-il-excentrique","ILMIN IL EXCENTRIQUE","<p>Il Excentrique abre con ládano, mirra e incienso, una entrada resinosa. En el corazón se juntan cedro, vetiver, ámbar, benjuí y bálsamo del Perú, y el fondo se asienta en vainilla, haba tonka y castóreo.</p><p>Un ámbar amaderado, denso y balsámico, para las noches y las temporadas frescas. Unisex. Extrait de Parfum de 30 ml.</p>","ILMIN","Casa: ILMIN, Catálogo, Para descubrir, Velmont","Title","Default Title"
"cash-flower","CASH FLOWER","<p>Cash Flower abre con rosa y pétalos de rosa, avivados por la pimienta y suavizados por el cashmere. El corazón se calienta con ámbar y almizcle, y el fondo termina en sándalo.</p><p>Un floral especiado unisex que la casa asocia con el éxito: una rosa de textura aterciopelada, opulenta y con un punto sensual. Extrait de Parfum de 100 ml.</p>","FUGAZZI","100 ml, Casa: FUGAZZI, Catálogo, Para descubrir, Unisex, Velmont","Title","Default Title"
"ilmin-il-climax","ILMIN IL CLIMAX","<p>Il Climax abre especiado, con rosa, pimienta negra y clavo. En el corazón, la nuez moscada y la canela acompañan al jazmín, el pachulí y el cedro, y el fondo se asienta en sándalo, vetiver y almizcle blanco.</p><p>Un amaderado especiado con un punto fresco, que encaja de tarde y de noche. Unisex. Extrait de Parfum de 30 ml.</p>","ILMIN","Casa: ILMIN, Catálogo, Para descubrir, Velmont","Title","Default Title"
"ilmin-il-bee","ILMIN IL BEE","<p>Il Bee es uno de los Extrait de Parfum de autor de ILMIN, la casa de perfumería de nicho de Medellín. La marca lo describe como luminoso y solar, «como la primera luz de la mañana».</p><p>Unisex, en frasco de 30 ml. Si quieres saber cómo huele antes de elegirlo, escríbenos y te asesoramos.</p>","ILMIN","Casa: ILMIN, Catálogo, Para descubrir, Velmont","Title","Default Title"
"pomegranoudh","POMEGRANOUDH","<p>Pomegranoudh abre jugoso, con granada, bergamota y frutos rojos. En el corazón, la madera de oud y el pachulí le dan un tono oscuro, y el fondo se suaviza con vainilla, ámbar seco y almizcle.</p><p>Un frutal amaderado unisex con el que Fugazzi reinterpreta, en 2026, la pareja de fruta y oud: seguro de sí de noche y más contenido de día. Extrait de Parfum de 100 ml.</p>","FUGAZZI","100 ml, Casa: FUGAZZI, Catálogo, Para descubrir, Unisex, Velmont","Title","Default Title"
"ilmin-il-ame","ILMIN IL ÂME","<p>Il Âme gira en torno a la rosa: abre la fragancia y vuelve en el corazón, acompañada de un toque de cilantro. El fondo la endulza con azúcar, vainilla y almizcle.</p><p>Un oriental floral y dulce que la marca presenta como símbolo de pasión y juventud; romántico y envolvente, luce de noche y en ocasiones especiales. Unisex. Extrait de Parfum.</p>","ILMIN","Catálogo, Para descubrir, Velmont, Casa: ILMIN","Title","Default Title"
"passionfroudh","PASSIONFROUDH","<p>Passionfroudh abre especiado, con jengibre, tagetes y té negro. En el corazón, el maracuyá y el mango se cruzan con pimienta negra y rosa, y el fondo se vuelve ahumado con olíbano, bálsamo de gurjun, cipriol y oud assafi.</p><p>Un amaderado frutal unisex inspirado en la energía de la playa de Ipanema, que une el Brasil tropical con el lujo de Oriente Medio. Extrait de Parfum de 100 ml.</p>","FUGAZZI","100 ml, Casa: FUGAZZI, Catálogo, Para descubrir, Unisex, Velmont","Title","Default Title"
"orange-crush","ORANGE CRUSH","<p>Orange Crush se construye con solo tres ingredientes: una salida de naranja usada en abundancia, un corazón de ámbar blanco, cálido y cercano a la piel, y un fondo de madera transparente.</p><p>Un cítrico aromático unisex, fresco y cálido a la vez, que la casa resume como «una naranja hecha de terciopelo». Eau de Parfum de 100 ml.</p>","FUGAZZI","100 ml, Casa: FUGAZZI, Catálogo, Para descubrir, Velmont","Title","Default Title"
"nocologne","NOCOLOGNE","<p>Nocologne abre con bergamota de Calabria, toronja, limón y mandarina. En el corazón se juntan flor de azahar, ralladura de jengibre, mimosa, pimienta rosa y salvia esclarea, y el fondo reúne hierbas holandesas, cristales de ámbar, semilla de ambreta, musgo y vetiver.</p><p>Un cítrico aromático unisex con el atrevimiento de las hierbas holandesas, que Fugazzi presenta como un clásico moderno. Extrait de Parfum de 100 ml.</p>","FUGAZZI","100 ml, Casa: FUGAZZI, Catálogo, Para descubrir, Velmont","Title","Default Title"
"oudh-zuid","OUDH ZUID","<p>Oudh Zuid abre con bergamota y lavanda. Al asentarse aparecen el cardamomo, la semilla de zanahoria y el iris, y el fondo une akigalawood, sándalo, almizcle y cuero.</p><p>Un amaderado unisex inspirado en las calles de Ámsterdam, pensado tanto para el ajetreo de la ciudad como para su vida nocturna. Extrait de Parfum de 100 ml.</p>","FUGAZZI","100 ml, Casa: FUGAZZI, Catálogo, Para descubrir, Velmont","Title","Default Title"
"sugardaddy","SUGARDADDY","<p>Sugardaddy abre con mandarina, bergamota y grosella negra. El corazón, suave y especiado, trae nuez moscada, clavo, jazmín y ámbar gris blanco, y el fondo se calienta con musgo, cashmere y pachulí.</p><p>Un gourmand ambarado unisex, dulce y coqueto, que Fugazzi asocia con la hora dorada frente al mar. Extrait de Parfum.</p>","FUGAZZI","Casa: FUGAZZI","Title","Default Title"
"my-way-edp","MY WAY EDP","<p>Bergamota y flor de azahar abren My Way con una salida luminosa. El corazón es un ramo de flores blancas, nardo y jazmín de la India, y el fondo se asienta en vainilla de Madagascar, almizcle blanco y cedro de Virginia.</p><p>Un floral blanco para mujer, con un final suave y avainillado, que se puede llevar en cualquier época del año. Eau de Parfum.</p>","ARMANI","Catálogo, EDP, Para descubrir, Velmont, Casa: ARMANI","Title","Default Title"
"acqua-di-gio-edt","ACQUA DI GIO EDT","<p>Notas marinas y bergamota dan a Acqua di Giò su salida fresca, con aire de mar. En el corazón se mezclan el jazmín, el romero y el cedro, y el fondo deja almizcle blanco y pachulí.</p><p>Un aromático acuático para hombre inspirado en el Mediterráneo, limpio y ligero, para el día a día y sobre todo con calor. Eau de Toilette.</p>","ARMANI","Catálogo, EDT, Para descubrir, Velmont, Casa: ARMANI","Title","Default Title"
"ch-carolina-herrera-edt","CH CAROLINA HERRERA EDT","<p>Bergamota y pomelo abren CH con una salida cítrica y fresca. En el corazón aparecen la rosa búlgara y el jazmín sambac, y el fondo se asienta en pachulí y una nota dulce de praliné.</p><p>Un floral chipre cítrico para mujer, fresco al comienzo y más cálido a medida que avanza, que la marca propone tanto para el día como para la noche. Eau de Toilette.</p>","CAROLINA HERRERA","Catálogo, Para descubrir, Para Ella, Velmont, Casa: CAROLINA HERRERA","Title","Default Title"
"bad-boy-edt","BAD BOY EDT","<p>Bad Boy abre con bergamota y pimientas rosa y blanca, una salida fresca y especiada. El cedro y la salvia esclarea forman un corazón aromático, y el fondo se vuelve oscuro y dulce con haba tonka y cacao.</p><p>Un ámbar aromático amaderado para hombre que juega con el contraste entre lo fresco y lo envolvente; la marca lo propone para el día y para la noche. Eau de Toilette.</p>","CAROLINA HERRERA","Catálogo, Para descubrir, Velmont, Casa: CAROLINA HERRERA","Title","Default Title"
"ch-men-edt","CH MEN EDT","<p>El pomelo y las hojas de violeta dan a CH Men una salida fresca. En el corazón, el azafrán pone el toque especiado y el ciclamen, el floral, y el fondo se queda en cashmeran y cuero.</p><p>Un amaderado con cuero y matices florales, para hombre, que la marca recomienda tanto de día como de noche. Eau de Toilette.</p>","CAROLINA HERRERA","Catálogo, EDT, Para descubrir, Velmont, Casa: CAROLINA HERRERA","Title","Default Title"
"jean-paul-gaultier-le-male-edt","JEAN PAUL GAULTIER LE MALE EDT","<p>Lavanda, menta, cardamomo y bergamota abren Le Male con un aire fresco y aromático. En el corazón aparecen la canela, la flor de azahar y la alcaravea, y el fondo se vuelve cálido con vainilla, haba tonka, ámbar, sándalo y cedro.</p><p>La lavanda recuerda a la espuma de afeitar y la vainilla le pone el lado sensual: un ámbar aromático para hombre que va del día a la noche. Eau de Toilette.</p>","JEAN PAUL GAULTIER","Catálogo, EDT, Para descubrir, Velmont, Casa: JEAN PAUL GAULTIER","Title","Default Title"
"gaultier-divine-edp","GAULTIER DIVINE EDP","<p>Gaultier Divine abre con un acorde marino salado, bergamota y frutos rojos. En el corazón brilla el lirio, rodeado de ylang-ylang y jazmín, y el fondo se endulza con merengue, almizcle y pachulí.</p><p>Solar y golosa, esta fragancia floral gourmand marina para mujer juega con el contraste entre la brisa salada y la dulzura del merengue, y pide días de sol. Eau de Parfum.</p>","JEAN PAUL GAULTIER","Catálogo, EDP, Para descubrir, Velmont, Casa: JEAN PAUL GAULTIER","Title","Default Title"
"212-vip-men-edt","212 VIP MEN EDT","<p>212 VIP Men abre con lima caviar y menta helada, una salida cítrica y fría. El jengibre y un acorde de vodka helado forman el corazón, y el fondo se calienta con palo violeta y haba tonka.</p><p>Cálido y luminoso a la vez, este amaderado ámbar aromático para hombre está pensado para la noche, según la propia marca. Eau de Toilette.</p>","CAROLINA HERRERA","Catálogo, EDT, Para descubrir, Velmont, Casa: CAROLINA HERRERA","Title","Default Title"
"1-million-edt-100-ml","1 MILLION EDT 100 ml","<p>1 Million arranca con mandarina roja, pomelo y menta helada. En el corazón laten la canela, la rosa y otras especias, y el fondo se asienta en ámbar con matices de cuero, maderas ahumadas y pachulí.</p><p>Fresco, especiado y amaderado, este clásico para hombre está pensado para la noche, las citas y los días en que refresca. Eau de Toilette de 100 ml.</p>","RABANNE","Catálogo, EDT, Para descubrir, Velmont, Casa: RABANNE","Title","Default Title"
"rabanne-phantom-edt","RABANNE PHANTOM EDT","<p>Phantom abre con una lavanda cremosa, pasa a un corazón de limón vigorizante y se asienta en un fondo de vainilla adictiva. Es una combinación directa, a medio camino entre lo fresco y lo dulce.</p><p>Atrevido y con un aire rockero, este amaderado aromático para hombre está pensado para la noche, según la propia marca. Eau de Toilette.</p>","RABANNE","Catálogo, EDT, Para descubrir, Velmont, Casa: RABANNE","Title","Default Title"
"jean-paul-gaultier-le-male-le-parfum","JEAN PAUL GAULTIER LE MALE LE PARFUM","<p>Le Male Le Parfum abre con cardamomo, especiado y directo. La lavanda y el iris forman un corazón aromático y empolvado, y el fondo se instala con vainilla sobre notas amaderadas y orientales.</p><p>Es la versión más intensa y cálida de Le Male: un oriental amaderado para hombre que se luce de noche y cuando refresca. Eau de Parfum Intense.</p>","JEAN PAUL GAULTIER","Catálogo, Para descubrir, Parfum, Velmont, Casa: JEAN PAUL GAULTIER","Title","Default Title"
"invictus-edt-100-ml","INVICTUS EDT 100 ML","<p>Invictus abre con un estallido de pomelo. El corazón es un acorde marino y salado, y el fondo se asienta en madera de guayaco con pachulí y ámbar gris.</p><p>Un amaderado fresco para hombre, deportivo y directo, que la marca recomienda de día: para entrenar, para la oficina y para el día a día. Eau de Toilette de 100 ml.</p>","RABANNE","100 ml, Catálogo, EDT, Para descubrir, Velmont, Casa: RABANNE","200 ML","INVICTUS EDP 200 ML"
"ahli-vega-gold","AHLI VEGA GOLD","<p>Vega Gold abre jugoso, con frambuesa, fresa, lichi y ciruela. En el corazón aparecen la rosa y la magnolia, y el fondo se asienta en ámbar y vainilla.</p><p>Un frutal floral dulce y luminoso, para el día y para salir de noche. Es la edición de Vega con partículas de oro de 24K suspendidas en el frasco. Unisex. Eau de Parfum de 60 ml.</p>","AHLI","Casa: AHLI, Catálogo, Para descubrir, Velmont","Title","Default Title"
"ahli-swtzerland","AHLI SWITZERLAND","<p>Switzerland es un Eau de Parfum de AHLI, la casa de perfumes de ILMIN HOUSE en Medellín. Viene en frasco rojo de 60 ml, con una etiqueta ilustrada con montañas y la cruz suiza.</p><p>Si quieres saber cómo huele antes de elegirlo, escríbenos y te asesoramos.</p>","AHLI","Casa: AHLI, Catálogo, Para descubrir, Velmont","Title","Default Title"
"ahli-mexico-1","AHLI MEXICO","<p>Mexico es un Eau de Parfum de AHLI, la casa de perfumes de ILMIN HOUSE en Medellín. Viene en frasco verde de 60 ml, con una etiqueta ilustrada con cactus y agave.</p><p>Si quieres saber cómo huele antes de elegirlo, escríbenos y te asesoramos.</p>","AHLI","Casa: AHLI, Catálogo, Para descubrir, Velmont","Title","Default Title"
"new-gotas-de-color-edt100ml","NEW GOTAS DE COLOR","<p>Gotas de Color, de Agatha Ruiz de la Prada, abre fresco y frutal, con bergamota, naranja, hojas de verbena, manzana y melocotón. En el corazón aparecen el jazmín, la rosa blanca y un toque de jengibre, y el fondo deja cedro del Atlas, ámbar y almizcle blanco.</p><p>Un floral fresco y afrutado para mujer, alegre y fácil de llevar a diario. Eau de Toilette de 100 ml.</p>","AGATHA RUIZ DE LA PRADA","Catálogo, Para descubrir, Velmont, Casa: AGATHA RUIZ DE LA PRADA","Title","Default Title"
"ck-one-100ml","CK ONE","<p>Desde el primer segundo, CK One huele a limpio: limón, bergamota y piña en la salida, un corazón floral de lirio de los valles y jazmín, y un fondo sereno de té verde y almizcle.</p><p>Unisex, fresco y ligero, para usar a diario, sobre todo con calor. Eau de Toilette de 100 ml.</p>","CALVIN KLEIN","100 ml, Catálogo, Para descubrir, Velmont, Casa: CALVIN KLEIN","Title","Default Title"
