Handle,Title,Body (HTML),Option1 Name,Option1 Value
"duo-velmont","Dúo VELMONT","<p>Elige dos perfumes de la Selección VELMONT y llévalos juntos por un precio fijo. En esta misma página escoges el primero y el segundo; al añadir el dúo a la bolsa van los dos frascos.</p><p>Todos nuestros perfumes son originales y enviamos a toda Colombia.</p>","Title","Default Title"
"ember","MATAI EMBER","<p>Ember abre con maracuyá y azafrán sobre una rosa turca: una entrada frutal y especiada que pronto se oscurece, con oud, benjuí y pachulí en el corazón y un fondo cálido de cuero, ámbar y vainilla.</p><p>Unisex, cálido y con carácter, pensado para la noche y los meses frescos. Eau de Parfum de 50 ml.</p>","Title","Default Title"
"zenith","MATAI ZENITH","<p>Zenith es un floral frutal con un fondo oriental que se nota sin pesar. Abre con manzana roja y lirio de los valles; en el corazón, el ámbar y el coñac se cruzan con mirra y nardo, y al final quedan el jazmín y la vainilla, suaves y cálidos.</p><p>Funciona igual un día cualquiera que en una ocasión especial, y no depende del clima. Eau de Parfum de 50 ml.</p>","Title","Default Title"
"nautica-voyage","NÁUTICA VOYAGE","<p>Hojas verdes y manzana abren Nautica Voyage con un aire fresco y acuático. Luego aparecen el loto y la mimosa, ligeros, y el fondo se vuelve amaderado con cedro, musgo de roble y almizcle.</p><p>Un perfume para hombre, sencillo y limpio, que acompaña el día en la oficina o en planes casuales, sobre todo en verano. Eau de Toilette.</p>","Title","Default Title"
"vega-gold","VEGA GOLD","<p>Vega Gold arranca jugoso, con fresa, frambuesa y lichi. Después se abre un corazón floral de rosa y magnolia, y todo termina en un fondo dulce de ámbar y vainilla.</p><p>Un frutal floral para hombre, pensado para salir de noche y para eventos donde se quiere llamar la atención. El frasco viene con escarcha de oro de 24K. Eau de Parfum de 60 ml.</p>","Title","Default Title"
"millionarie","MILLIONAIRE","<p>Millionaire abre con champaña y bergamota de Calabria, un arranque brillante que pronto se endulza: en el corazón aparecen el iris y el cacao, y el fondo, amaderado y ambarado, reúne vainilla de Madagascar, oud y almizcle blanco.</p><p>Unisex y elegante, está pensado para la noche y para las fechas que merecen algo especial. Elixir de Parfum.</p>","Title","Default Title"
"aqua-paris","AQUA DE PARIS","<p>Fresco desde el primer momento, Aqua de Paris abre con bergamota, toronja, acordes marinos y un toque de vetiver. En el corazón, el ambroxan aporta un efecto limpio y luminoso, y el fondo se seca sobre sándalo y cedro.</p><p>Un acuático unisex que va bien de día o de noche cuando hace calor, desde la primavera hasta el otoño. Elixir de Parfum.</p>","Title","Default Title"
"beso-de-dragon","BESO DE DRAGÓN","<p>En Beso de Dragón, las especias y los cítricos encienden la salida; luego llegan las flores y las maderas, y el final se vuelve cálido con vainilla, almizcle y más maderas. Es un oriental amaderado y especiado, envolvente de principio a fin.</p><p>Unisex y con carácter, está hecho para la noche, cuando se busca algo más intenso. Elixir de Parfum.</p>","Title","Default Title"
"amber-black","AMBER BLACK","<p>Incienso y azafrán dan desde el principio un tono oscuro y especiado a Amber Black. En el corazón aparecen el guayaco y el ámbar, y al final el chocolate y el tabaco se mezclan con oud.</p><p>Un oriental cálido y denso, ideal para la noche y para los días frescos. Extrait de Parfum de 50 ml.</p>","Title","Default Title"
"gold-ingot","GOLD IGNOT","<p>Un cítrico amaderado que arranca vivo, con bergamota y toronja, y que poco a poco gana profundidad: el jazmín y el incienso marcan el corazón, y el fondo se asienta en ámbar, pachulí y musgo de roble.</p><p>Versátil, Gold Ingot sirve de día o de noche y en cualquier época del año. Extrait de Parfum de 80 ml.</p>","Title","Default Title"
"acid-rain","ÁCID RAIN","<p>Acid Rain abre de forma poco común, con trufa y tiaré. Después el iris y la pimienta rosa le dan un corazón especiado, y el final se vuelve gourmand y amaderado: cacao tostado, vainilla y pachulí.</p><p>Profundo y diferente, se disfruta más de noche y con clima fresco. Extrait de Parfum de 80 ml.</p>","Title","Default Title"
"babylon","BABYLON","<p>Babylon parte del azafrán y la toronja rosada, especiado y luminoso a la vez. Luego el oud se encuentra con la rosa de Taif, y el fondo, resinoso y algo dulce, junta benjuí, caña de azúcar y almendra amarga.</p><p>Un oriental con cuerpo que pide otoño, invierno y noches de clima fresco. Extrait de Parfum de 50 ml.</p>","Title","Default Title"
"lotus","LOTUS","<p>Frutal y floral al inicio, Lotus combina arándano y hoja de violeta. Después el frangipani y la canela calientan el corazón, y el fondo, amaderado y gourmand, se envuelve en gamuza, caramelo y vainilla.</p><p>Dulce pero con frescura, se lleva bien en primavera y verano, y también en noches cálidas. Extrait de Parfum de 50 ml.</p>","Title","Default Title"
"denali","DENALI","<p>La salida de Denali es cítrica y aromática: naranja y romero, con un toque de azafrán. Luego se endulza con praliné y haba tonka, y termina amaderado sobre musgo de roble y cedro.</p><p>Cálido y equilibrado, este oriental para hombre encaja en clima templado, en primavera y en otoño. Extrait de Parfum de 50 ml.</p>","Title","Default Title"
"taj-madal","TAJ MAHAL","<p>Taj Mahal empieza frutal, con fresa y ruibarbo. En el corazón aparecen el azafrán y el jazmín, y el fondo se vuelve ambarado y profundo, con oud, cuero y vainilla.</p><p>De aire elegante, va bien en otoño e invierno, en noches especiales y en eventos de etiqueta. Extrait de Parfum de 50 ml.</p>","Title","Default Title"
"empire-state","EMPIRE STATE","<p>Jengibre y pimienta rosa le dan a Empire State una salida viva y especiada. El corazón junta rosa turca y cardamomo, y el fondo, amaderado y ambarado, se apoya en sándalo, ámbar gris y vainilla.</p><p>Para hombre, se luce en otoño, en invierno y en noches especiales, y de día va bien cuando el clima es templado. Extrait de Parfum de 50 ml.</p>","Title","Default Title"
"torre-eifel","TORRE EIFEL","<p>El mango abre Torre Eiffel junto al azafrán, en una salida jugosa y especiada. Después llegan la rosa búlgara y el oud, y el fondo se vuelve cálido, con haba tonka, vainilla y ámbar.</p><p>Frutal y ambarado, es para otoño, invierno o una noche especial; en clima templado sirve incluso para el día a día. Extrait de Parfum de 50 ml.</p>","Title","Default Title"
"burj-khalifa","BURJ KHALIFA","<p>Burj Khalifa gira alrededor de la rosa y el oud. Abre con rosa y frambuesa, se adentra en el azafrán, el oud y el incienso, y termina cálido sobre benjuí y vainilla.</p><p>Un oriental amaderado para hombre, con presencia, para salir de noche o para una fecha que lo amerite. Extrait de Parfum de 50 ml.</p>","Title","Default Title"
"ghighen-itza","GHIGHEN ITZA","<p>Chichén Itzá recibe con ylang-ylang y notas verdes, en un comienzo floral y fresco. En el corazón se endulza con durazno y caramelo, y el fondo, ambarado, trae coco, vainilla y madera de cachemira.</p><p>Buen compañero de viaje en primavera y verano, se lleva igual de día que de noche. Extrait de Parfum de 50 ml.</p>","Title","Default Title"
"oud-noir","OUD NOIR","<p>Oud Noir abre fresco, con mandarina y petitgrain, y enseguida se vuelve más hondo: el pachulí y un toque de caramelo ocupan el corazón, y el final es oscuro, con oud, cuero y vetiver.</p><p>Un amaderado aromático para hombre, sobrio y con carácter, para usar de noche. Extrait de Parfum de 50 ml.</p>","Title","Default Title"
"oriental-rose","ORIENTAL ROSE","<p>La rosa es la protagonista de Oriental Rose, pero llega acompañada. Primero el azafrán y la ciruela le dan un arranque especiado y frutal; luego la rosa se funde con oud y pachulí, y el fondo cierra con miel y almizcle.</p><p>Un amaderado especiado para mujer, para lucir de noche y cuando hay algo que celebrar. Extrait de Parfum de 50 ml.</p>","Title","Default Title"
"oriental-elixir","ORIENTAL ELIXIR","<p>Chipre amaderado con matices orientales, Oriental Elixir abre luminoso con bergamota, pasa a un corazón floral de violeta, raíz de iris y rosa, y se asienta sobre cuero, sándalo y vainilla de Madagascar.</p><p>Equilibrado y elegante, se adapta al día y a la noche durante todo el año. Extrait de Parfum de 50 ml.</p>","Title","Default Title"
"latin-rose","LATIN ROSE","<p>Latin Rose pone el cuero al frente, avivado con pimienta negra. Después aparece la rosa, suavizada por el sándalo, y el final queda cálido y redondo, con almizcle y ámbar.</p><p>Un perfume de cuero para mujer, con actitud y hecho para la noche. Extrait de Parfum de 50 ml.</p>","Title","Default Title"
"vip-carat","VIP CARAT","<p>Con pera y un toque de hierba, VIP Carat empieza fresco y frutal. En el corazón, la rosa y la magnolia se cruzan con pimienta negra, y el fondo termina en pachulí y almizcle.</p><p>Aromático, con un punto especiado, es para noches y fechas especiales, sobre todo en otoño e invierno. Extrait de Parfum de 50 ml.</p>","Title","Default Title"
"passion","PASSION","<p>Passion junta lo frutal con lo oscuro. Abre con carambola y frutas tropicales, toma cuerpo con cuero y rosa en el corazón, y termina con oud, ámbar y un toque de caramelo.</p><p>Con carácter, se luce más en otoño e invierno, aunque su estilo no tiene época. Presentación de 50 ml.</p>","Title","Default Title"
"opulent","OPULENT","<p>Bergamota e higo marcan la salida de Opulent, cítrica y suave. El corazón es floral, con violeta y jacinto, y el fondo le da firmeza con cuero, vetiver y ambroxan.</p><p>Refinado y seguro, encaja en compromisos de etiqueta y en salidas de noche. Eau de Parfum de 50 ml.</p>","Title","Default Title"
"okinawa-2","OKINAWA","<p>Okinawa es puro frutal en la salida: mora, fresa y lichi, jugosos y vivos. Después ese trío le abre paso a la rosa, que le da al corazón un aire floral fresco y fácil.</p><p>Alegre y sencillo, se puede usar a diario, tanto de mañana como de noche. Extrait de Parfum de 50 ml.</p>","Title","Default Title"
"terren","TERREN","<p>Terren arranca con pimienta blanca y una nota de caviar, fresca y poco habitual. En el corazón, la lavanda se une a notas acuáticas, y el fondo, amaderado, junta haba tonka, vetiver y vainilla.</p><p>Aromático y con buen equilibrio, acompaña tanto el día como la noche, sin importar la temporada. Extrait de Parfum de 50 ml.</p>","Title","Default Title"
"by-drew","BY DREW","<p>Rosa y cipriol se encuentran en la salida de By Drew, en una mezcla seca y especiada. Después aparecen la madera de cachemira y unas notas ozónicas que le dan aire, y el fondo se apoya en oud, almizcle y musgo.</p><p>Amaderado y sereno, encaja en días frescos o de lluvia y en el otoño. Extrait de Parfum de 50 ml.</p>","Title","Default Title"
"oud-vanilla","OUD VANILLA","<p>Whisky, avellana y caramelo hacen de la salida de Oud Vanilla algo casi de postre. En el corazón, la vainilla se mezcla con rosa, y el fondo aporta profundidad con oud y ámbar.</p><p>Un gourmand oriental, dulce y cálido, para las noches y los días fríos. Extrait de Parfum de 50 ml.</p>","Title","Default Title"
"regio","REGGIO","<p>Reggio despierta con bergamota, pimienta rosa y elemí, fresco y ligeramente especiado. El corazón se vuelve aromático, con lavanda y romero, y al final queda una base cálida de vainilla y cedro.</p><p>Unisex y luminoso, es una buena opción para el día en primavera y verano. Extrait de Parfum de 50 ml.</p>","Title","Default Title"
"sanremo","SANREMO","<p>Sanremo abre radiante, con naranja, neroli y un toque de davana. Luego el corazón se llena de azahar y osmanto, y el final, dulce y cálido, llega con vainilla y caramelo.</p><p>De carácter floral y cítrico, es unisex y va bien en tardes y noches sin prisa.</p>","Title","Default Title"
"verona","VERONA","<p>Fresa y rosa inauguran Verona, y enseguida se suman la piña y el melocotón alrededor del jazmín. El fondo, suave, se queda en sándalo y vainilla.</p><p>Afrutado, floral y unisex, va bien para una cita o para el día cuando el clima es templado. Extrait de Parfum de 50 ml.</p>","Title","Default Title"
"sorrento","SORRENTO","<p>El azafrán marca el arranque de Sorrento, acompañado de rosa. Luego el pachulí y el ámbar le dan calidez, y el fondo se vuelve más oscuro con cuero, musgo y oud.</p><p>Es unisex, especiado y amaderado, y está pensado para la noche y los meses fríos. Extrait de Parfum de 50 ml.</p>","Title","Default Title"
"napoli","NAPOLI","<p>Napoli tiene una salida tropical y jugosa, con mango, naranja y frambuesa. En el corazón, el jazmín y la flor de azahar se endulzan con coco, y el fondo cierra con vainilla de Madagascar.</p><p>De espíritu veraniego, este perfume unisex va bien de día en primavera y verano. Extrait de Parfum de 50 ml.</p>","Title","Default Title"
"kingdelary","KINGDELARY","<p>Kingdelary arranca con especias finas y destellos de cítricos. En el corazón mandan las resinas y el ámbar, y el fondo se oscurece con maderas y almizcles, sin perder suavidad.</p><p>Un oriental amaderado unisex, cálido y profundo, que encuentra su momento en la noche. Extrait de Parfum de 50 ml.</p>","Title","Default Title"
"toscana","TOSCANA","<p>Toscana va de lo seco a lo dulce. Abre con abedul y pachulí, pasa por un corazón de ámbar y sándalo y termina balsámico, con vainilla, haba tonka y bálsamo de Tolú.</p><p>Cálido y unisex, es para la noche y para los meses de otoño e invierno. Extrait de Parfum de 50 ml.</p>","Title","Default Title"
"palermo","PALERMO","<p>Hay un aire clásico en Palermo: aldehídos y ciruela en la salida, un corazón de rosa, violeta y lirio, y un fondo ambarado y suave de sándalo y vainilla.</p><p>Unisex y versátil, va con el día y con la noche por igual. Extrait de Parfum de 50 ml.</p>","Title","Default Title"
"roma","ROMA","<p>Primero llegan los cítricos frescos; después, Roma se vuelve floral con rosa y jazmín, y termina sobre maderas nobles y ámbar, en un cierre cálido y pausado.</p><p>Un amaderado floral unisex, pulido y discreto, pensado para compromisos formales en otoño e invierno. Extrait de Parfum de 50 ml.</p>","Title","Default Title"
"milano","MILANO","<p>Verde al comienzo, Milano mezcla eucalipto, pera y hojas de violeta. Luego llega un corazón de iris e incienso, y el fondo se vuelve amaderado y oscuro, con tabaco y oud.</p><p>Unisex, se adapta a casi cualquier momento, aunque ese final de tabaco y oud se luce más de noche. Extrait de Parfum de 50 ml.</p>","Title","Default Title"
"di-parma","DI PARMA","<p>Di Parma tiene un estilo limpio y floral. La bergamota y el limón dan paso a un corazón de jazmín, iris e ylang-ylang, que descansa sobre un fondo amaderado de cedro y vetiver.</p><p>Unisex y sin complicaciones, acompaña bien la rutina diaria y la jornada en la oficina. Extrait de Parfum de 50 ml.</p>","Title","Default Title"
"genova","GENOVA","<p>Jugoso de entrada, Genova junta pera, fresa y una pizca de nuez moscada. Luego se vuelve floral con magnolia y peonía, y termina en un fondo tranquilo de vainilla y almizcle.</p><p>Un afrutado floral unisex, fresco y ligero, para usar de día cuando llegan la primavera y el verano. Extrait de Parfum de 50 ml.</p>","Title","Default Title"
"club-de-nuit-urban-elixir-edp-105-ml","CLUN DE NUIT URBAN ELIXIR","<p>Bergamota y pimienta rosa ponen en marcha Club de Nuit Urban Elixir. En el corazón, la lavanda y el azafrán le dan un perfil aromático y especiado, y el fondo se asienta en ambroxan, ámbar y láudano.</p><p>Para hombre y de aire sofisticado, va mejor de noche y en eventos formales durante el otoño y el invierno. Eau de Parfum de 105 ml.</p>","Title","Default Title"
"club-de-nuit-intense-3-6-edt-m","CLUB DE NUIT INTENSE","<p>Lo primero que se siente en Club de Nuit Intense es su lado frutal: limón, piña y grosella negra. Luego el abedul le da un matiz seco junto al jazmín, y el fondo cierra con almizcle y ámbar gris.</p><p>Un amaderado especiado para hombre que sirve en cualquier temporada y para casi cualquier plan. Eau de Toilette.</p>","Title","Default Title"
"club-de-nuit-sillage-3-6-edp-m","CLUB DE NUIT SILLAGE","<p>La chispa de Club de Nuit Sillage está en la salida: bergamota, limón y jengibre. Luego el corazón se vuelve floral con rosa e iris, y el fondo, almizclado y limpio, se apoya en ambroxan y sándalo.</p><p>Fresco y pulcro, este floral para hombre va bien de día y en la oficina, sobre todo en primavera y verano. Eau de Parfum.</p>","Title","Default Title"
"stallion-53-hombre","STALLION 53","<p>Cardamomo y violeta forman la salida de Stallion 53, especiada y suave a la vez. En el corazón, el iris se apoya en el ámbar, y el fondo trae cuero, sándalo y cedro de Virginia.</p><p>Para hombre, este amaderado con cuero es sencillo de usar en cualquier época del año. Eau de Parfum de 100 ml.</p>","Title","Default Title"
"lattafa-badee-al-oud-noble-blush","AL OUD NOBLE BLUSH","<p>Leche de rosas para empezar, merengue y almendra en el corazón, y un final de vainilla, sándalo y almizcle: Noble Blush es un floral gourmand cremoso y tierno.</p><p>Dulce y acogedor, pensado para mujer, va bien con el clima fresco y en la noche. Eau de Parfum de 100 ml.</p>","Title","Default Title"
"rayhaan-elixir-hombre-100ml","RAYHAAN PACÍFIC HOMBRE","<p>Bergamota, limón y mandarina, con un toque de cardamomo, dan una salida fresca y aromática. Luego aparecen la lavanda y el ciprés, y el fondo de ámbar le suma algo de calidez.</p><p>Un cítrico aromático para hombre, ligero y sencillo, pensado para usar de día cuando hace calor. Eau de Parfum de 100 ml.</p>","Title","Default Title"
"rayhan-pacific-aloha","RAYHAN PASIFIC ALHOA","<p>Pacific Aloha tiene aire de vacaciones: naranja sanguina y melón al abrir, un corazón jugoso de sandía y coco, y un fondo de notas marinas y amberwood con un toque de cacao.</p><p>Relajado y fácil de llevar, este acuático frutal para hombre es para los días de verano y de playa. Eau de Parfum de 100 ml.</p>","Title","Default Title"
"rayhan-obsidian","RAYHAAN OBSIDIAN","<p>Obsidian abre con iris y cítricos, y enseguida muestra su lado más firme: el cuero ocupa el corazón, y el fondo, amaderado, junta sándalo, ambreta, cedro y oud.</p><p>Serio y elegante, este perfume para hombre se luce de noche y en eventos de etiqueta, sobre todo en otoño e invierno. Eau de Parfum de 100 ml.</p>","Title","Default Title"
"odyssey-tyrant-special-edition-3-4-edp-m","ODYSSEY TYRANT","<p>El pomelo y los cítricos ponen la nota fresca al inicio de Odyssey Tyrant. Después vienen la pimienta y la lavanda, y el fondo reposa en ambroxan, vetiver y cedro.</p><p>Pensado para hombre, es aromático y limpio, y funciona bien de día, en la oficina y con calor. Es la Special Edition, en Eau de Parfum de 100 ml.</p>","Title","Default Title"
"212-nyc-men-200ml","212 NYC MEN","<p>212 NYC Men combina notas verdes y pomelo en una salida limpia. Después el jengibre y la violeta le dan un giro especiado y floral, y el fondo deja almizcle, sándalo y vetiver.</p><p>Para hombre y de estilo urbano, es un buen aliado para el día y la oficina en cualquier época del año. Eau de Toilette de 200 ml.</p>","Title","Default Title"
"oomph","IL OOMPH","<p>Piña, manzana y fresa llenan la salida de Il Oomph. El corazón pasa a lo floral con iris y jazmín, y el fondo, oriental, descansa en sándalo y ámbar gris.</p><p>Unisex, luminoso y desenfadado, va bien de día, sobre todo cuando hace calor. Extrait de Parfum de 30 ml.</p>","Title","Default Title"
"arte","IL ARTE","<p>Il Arte es un floral ambarado de trazo sencillo: abre con flor de azahar, sigue con jazmín, rosa y lirio de los valles, y se vuelve cálido sobre ámbar, haba tonka y notas balsámicas.</p><p>Unisex y amable, es de esos perfumes que se usan a diario sin pensarlo mucho. Extrait de Parfum de 30 ml.</p>","Title","Default Title"
"kakuno","IL KAKUNO","<p>Dulce al principio, con caramelo y frutos silvestres, Il Kakuno se oscurece después con cuero y azafrán, y termina balsámico y profundo, con bálsamo del Perú, oud y vainilla.</p><p>Unisex, intenso y con mucho carácter, está hecho para salir de noche. Extrait de Parfum de 30 ml.</p>","Title","Default Title"
"roso","IL ROSO","<p>Cítrico al abrir y cálido al final, así se mueve Il Roso: bergamota y ruibarbo primero, luego rosa con nuez moscada, y un fondo ambarado de incienso, vainilla y almizcle blanco.</p><p>Unisex y con un aire romántico, va bien de noche y en celebraciones. Extrait de Parfum de 30 ml.</p>","Title","Default Title"
"lattafa-al-noble-edp-100ml","AL NOBLE LATTAFA","<p>Aromático al principio y profundo al final, Al Noble Ameer abre con pimienta rosa, manzana y romero; en el corazón, el clavo de olor se mezcla con notas florales, y el fondo baja hacia el oud y el vetiver.</p><p>Especiado y amaderado, un unisex que va bien con la noche y con los días de frío. Eau de Parfum de 100 ml.</p>","Title","Default Title"
"hayati-gold-elixir","HAYATY GOLD ELIXIR","<p>Hayaati Gold Elixir se presenta luminoso, con bergamota, toronja y grosella negra. En el corazón, el cuero se cruza con un durazno jugoso, y la vainilla y el ámbar dejan un cierre empolvado.</p><p>Unisex, cítrico y cálido a partes iguales, para llevar de la tarde a la noche. Eau de Parfum.</p>","Title","Default Title"
"lattafa-eclaire-100ml","ECLAIRE LATTAFA","<p>Éclaire empieza como un postre: caramelo y leche en la salida, miel y flores blancas en el corazón, y un fondo de vainilla, praliné y almizcle que lo deja cremoso y empolvado.</p><p>Para mujer, un gourmand lácteo y goloso al que le sientan bien la noche y los días frescos. Eau de Parfum de 100 ml.</p>","Title","Default Title"
"hawas-kobra-100ml","HAWAS KOBRA","<p>La salida es cítrica y especiada, con jengibre y mandarina; en el corazón, té verde y neroli aportan frescura mientras la canela suma calor; abajo, almizcle y ámbar le dan un fondo limpio.</p><p>Para hombre, con un carácter fresco pensado para la jornada. Eau de Parfum de 100 ml.</p>","Title","Default Title"
"khaltaat-al-arabia","KHALTAAT AL ARABIA","<p>Entre lo frutal y lo especiado, Khaltaat Al Arabia Royal Delight abre con manzana y otras notas frutales, pasa por la nuez moscada y las notas especiadas del corazón y se asienta en ámbar, almizcle y notas amaderadas.</p><p>Unisex, fresco y amaderado, fácil de llevar en tardes templadas. Eau de Parfum.</p>","Title","Default Title"
"lattafa-khamrah-dukhan-100ml","KHAMRAH DUKHAM","<p>Khamrah Dukhan abre con especias, pimienta de Jamaica y mandarina, y enseguida toma un aire ahumado con el incienso y el ládano del corazón. El praliné y el tabaco del fondo le dan un cierre dulce.</p><p>Para hombre, especiado y ambarado, pensado para las noches frescas. Eau de Parfum de 100 ml.</p>","Title","Default Title"
"oud-for-glory","OUD OF GLORY","<p>Azafrán, nuez moscada y lavanda abren Oud for Glory con un aire especiado y aromático. Muy pronto el oud toma el protagonismo junto al pachulí, y así se mantiene hasta un fondo donde el almizcle lo suaviza.</p><p>Terroso e intenso, es un unisex para quien disfruta del oud en noches frescas. Eau de Parfum.</p>","Title","Default Title"
"khamrah","KHAMRAH","<p>Canela y nuez moscada encienden la salida de Khamrah. Luego llegan los dátiles y el praliné, que lo vuelven goloso, y el fondo se hace envolvente con vainilla, haba tonka y mirra.</p><p>De perfil unisex, dulce y especiado, tiene la calidez justa para la noche y el clima frío. Eau de Parfum.</p>","Title","Default Title"
"khamrah-waha","KHAMRAH WAHA","<p>Chispeante desde el arranque, Khamrah Waha combina bergamota, yuzu y jengibre. Después, el pepino y la sal marina traen el lado acuático, y al final el almizcle y la vainilla redondean el conjunto con suavidad.</p><p>Unisex, fresco y aromático, para usar de día y en clima cálido. Eau de Parfum.</p>","Title","Default Title"
"apus","AHLI APUS","<p>La bergamota abre paso enseguida al cardamomo y al cedro, que le dan a Apus su tono especiado. En el fondo, pachulí, ámbar y vainilla construyen un cierre redondo y ligeramente dulce.</p><p>Una opción amaderada para hombre, cálida y avainillada, que se lleva con gusto en noches y días frescos. Eau de Parfum.</p>","Title","Default Title"
"ursa","AHLI URSA","<p>Ursa abre con melocotón y flor de manzana, una salida suave y jugosa. En el corazón aparece la flor de piña, y el fondo se queda en almizcle, rosa silvestre y pachulí.</p><p>Un floral frutal luminoso y fácil de llevar, que va bien de día y en clima cálido. Eau de Parfum de 60 ml.</p>","Title","Default Title"
"alpha","AHLI ALPHA","<p>Una composición directa: jazmín en la salida, ámbar en el corazón y un fondo de almizcle y musgo de roble. Alpha pasa de lo floral a lo ambarado con naturalidad y deja un acabado almizclado.</p><p>Para hombre, con un aire cálido que se aprecia de noche y en clima fresco. Eau de Parfum.</p>","Title","Default Title"
"sativa","IL SATIVA","<p>Verde y herbal desde la salida, Il Sativa combina cannabis, hoja de laurel y limón. El corazón suma pimienta negra y pachulí, y el fondo, terroso, reúne musgo de roble e incienso.</p><p>Fresco y cítrico, unisex, para quien busca un aromático con personalidad; funciona bien de día. Extrait de Parfum.</p>","Title","Default Title"
"lavish","IL LAVISH","<p>Il Lavish apuesta por lo esencial. Sus tres ejes son las maderas, el ámbar y las notas aromáticas, que juntos forman un oriental redondo y sin estridencias, donde lo amaderado y lo ambarado se equilibran.</p><p>Cálido y unisex, un ámbar que encaja en noches y temporadas frescas. Extrait de Parfum.</p>","Title","Default Title"
"lonve","IL LONVE","<p>Cuatro notas bastan en Il Lonve: jazmín y azafrán al abrir, ámbar en el corazón y musgo de roble en el fondo. El resultado pasa de floral y especiado a cálido, y cierra profundo y musgoso.</p><p>Oriental y unisex, va mejor de noche y con clima fresco. Extrait de Parfum.</p>","Title","Default Title"
"dolce","IL DOLCE","<p>Cítrico al empezar y dulce al final: Il Dolce parte de limón y naranja, se suaviza con notas florales y ámbar, y cierra sobre vainilla, almizcle y notas amaderadas.</p><p>Suave y alegre, unisex, una opción cómoda para llevar de día y en climas cálidos. Extrait de Parfum.</p>","Title","Default Title"
"erotique","IL EROTIQUE","<p>Pera y bergamota dan a Il Érotique una apertura fresca y frutal. En el corazón conviven jazmín y rosa sobre un trasfondo de pachulí, y el final es suave y atalcado, con almizcle.</p><p>Floral y almizclado, unisex, con un aire íntimo que va bien en la noche. Extrait de Parfum.</p>","Title","Default Title"
"sexuel","IL SEXUEL","<p>Azafrán y lavanda abren Il Sexuel entre lo especiado y lo aromático. La nuez moscada y el pachulí le dan densidad al corazón, y el fondo queda en manos del oud, seco y amaderado.</p><p>Profundo y oscuro, unisex, para las noches en que baja la temperatura. Extrait de Parfum.</p>","Title","Default Title"
"piete-sc","IL PIETE","<p>Il Piété empieza con bergamota, anís y cardamomo, una salida fresca con un dejo especiado. En el corazón, la lavanda se une al cedro, y el cierre combina vetiver y vainilla en un fondo suave y amaderado.</p><p>Aromático y avainillado, unisex, de estilo clásico; luce en días frescos. Extrait de Parfum.</p>","Title","Default Title"
"ego","IL EGO","<p>Cardamomo y eucalipto abren Il Ego con un frescor especiado. Más tarde el corazón se torna atalcado, con iris e incienso, y el fondo cierra seco y amaderado, con sándalo, vetiver y tabaco.</p><p>Elegante y sobrio, unisex, pensado para la oficina y los días frescos. Extrait de Parfum.</p>","Title","Default Title"
"male","IL MALE","<p>Il Male arranca con cuero y azafrán, en una entrada seca y especiada. Le siguen la rosa y la pimienta negra, y la base se vuelve oscura con oud, sándalo y notas animales.</p><p>De perfil animálico y amaderado, reservado para noches frías y ocasiones especiales. Extrait de Parfum.</p>","Title","Default Title"
"peace","IL PEACE","<p>Il Peace es un Extrait de Parfum unisex de ILMIN, en frasco de 30 ml.</p><p>Si quieres saber cómo huele antes de elegirlo, escríbenos y te asesoramos.</p>","Title","Default Title"
"mexico","IL MÉXICO","<p>Un chipre floral que abre fresco, con mandarina y notas verdes. El corazón de Il Mexico es un ramo atalcado de violeta, iris y jacinto, y el fondo descansa en pachulí y vetiver.</p><p>Floral y verde, unisex, con un aire refinado que acompaña bien el día. Extrait de Parfum.</p>","Title","Default Title"
"orgasme","IL ORGASME","<p>Il Orgasme recorre tres etapas muy marcadas. Abre brillante, con pomelo y grosella negra; después gira hacia un corazón tostado de café y nuez moscada, y termina cálido y profundo, con caramelo, vainilla y tabaco.</p><p>Dulce y acaramelado, unisex, se siente a gusto en noches frías. Extrait de Parfum.</p>","Title","Default Title"
"lyra","AHLI LYRA","<p>Lyra abre con bergamota, pera y lichi, con un toque de nuez moscada. El corazón es floral y acuoso, con peonía, magnolia, rosa y notas marinas, y el fondo cierra limpio con ámbar, almizcle y vetiver.</p><p>Un floral frutal fresco y luminoso, cómodo para el día y para los meses cálidos. Eau de Parfum de 60 ml.</p>","Title","Default Title"
"octans","AHLI OCTANS","<p>En la salida, el limón brilla junto a la flor de azahar. Poco a poco toman el relevo las notas especiadas y el ámbar, hasta llegar a un fondo de notas amaderadas y almizcle.</p><p>Octans es un amaderado especiado para hombre, de carácter cálido, que acompaña bien las noches y los días frescos. Eau de Parfum.</p>","Title","Default Title"
"karpos","AHLI KARPOS","<p>Karpos abre con mango, limón y jengibre: una salida tropical, jugosa y con chispa. En el corazón, la cumarina y el jazmín lo suavizan, y el fondo cierra con almizcle y notas amaderadas.</p><p>Un frutal fresco y vibrante, ligero y fácil de llevar de día. Eau de Parfum.</p>","Title","Default Title"
"nocturn","NOCTURNE","<p>El azafrán marca el inicio de Nocturne; luego la rosa se endulza con fresa y azúcar, y en el fondo esperan el oud, el haba tonka y el musgo de roble.</p><p>Dulce y amaderado, un unisex que hace honor a su nombre: lo suyo es la noche, y más aún con frío. Concentración Parfum.</p>","Title","Default Title"
"belvet-flame","VELVET FLAME","<p>En la salida de Velvet Flame, la guayaba convive con el azafrán y la rosa; en el corazón, ámbar y cuero lo vuelven más cálido, y al final llegan el ládano y la vainilla, en un fondo resinoso.</p><p>Frutal y especiado, con cuerpo, rinde en noches y días fríos. Concentración Parfum.</p>","Title","Default Title"
"golden-vibes","GOLDEN VICE","<p>Limón y aldehídos encienden la salida de Golden Vice; enseguida aparecen el regaliz y el anís, suavizados por el coco, y el final se vuelve goloso con vainilla y caramelo.</p><p>Unisex, cremoso y con un acento anisado que lo distingue; se disfruta más en las noches frescas. Concentración Parfum.</p>","Title","Default Title"
"pearl-obsesion","PEARL OBSESSION","<p>Suave y floral, Pearl Obsession reparte su recorrido entre una salida fresca de bergamota, manzana y cilantro, un corazón de rosa y lirio del valle y una base dulce de vainilla con haba tonka.</p><p>Dulce y delicado, para mujer: una compañía amable para el día y la oficina. Concentración Parfum.</p>","Title","Default Title"
"wild-caramel","WILD CARAMEL","<p>Wild Caramel va en dos tiempos: arranca brillante, con bergamota, pomelo y naranja y un toque de ron, y se vuelve dulce sobre jazmín y sándalo hasta un fondo de caramelo, vainilla y almizcle.</p><p>Un dulce con chispa, para mujer. Concentración Parfum.</p>","Title","Default Title"
"noir-blossom","NOOR BLOSSOM","<p>Pimienta negra y cardamomo le ponen especia a la salida; luego Noir Blossom suma un corazón amaderado de clavo, mate y cuero, y acaba cremoso, con vainilla y heliotropo.</p><p>Un oriental especiado para mujer, cálido y de carácter firme, que se luce en noches de clima frío. Concentración Parfum.</p>","Title","Default Title"
"new-gotas-de-color-edt100ml","NEW GOTAS DE COLOR","<p>Gotas de Color, de Agatha Ruiz de la Prada, abre fresco y frutal, con bergamota, naranja, hojas de verbena, manzana y melocotón. En el corazón aparecen el jazmín, la rosa blanca y un toque de jengibre, y el fondo deja cedro del Atlas, ámbar y almizcle blanco.</p><p>Un floral fresco y afrutado para mujer, alegre y fácil de llevar a diario. Eau de Toilette de 100 ml.</p>","Title","Default Title"
"ck-one-100ml","Ck One","<p>Desde el primer segundo, CK One huele a limpio: limón, bergamota y piña en la salida, un corazón floral de lirio de los valles y jazmín, y un fondo sereno de té verde y almizcle.</p><p>Unisex, fresco y ligero, para usar a diario, sobre todo con calor. Eau de Toilette de 100 ml.</p>","Title","Default Title"
"armani-stronger-with-you-100ml","ARMANI STRONGER WITH YOU","<p>Stronger With You es un fougère con un lado goloso. Abre especiado con cardamomo, pimienta rosa y hojas de violeta, pasa por un corazón aromático de salvia y lavanda y se calienta en el fondo con castaña confitada y vainilla ahumada.</p><p>Cálido y dulce, para hombre; luce más en la noche y en días frescos. Eau de Toilette de 100 ml.</p>","Title","Default Title"
"mont-blanck-explorer-100ml","MONTBLANC EXPLORER","<p>De lo fresco a lo terroso: así avanza Montblanc Explorer, que empieza con bergamota y pimienta rosa, toma cuerpo con vetiver de Haití y cuero, y termina sobre ambroxan, hoja de pachulí y vaina de cacao.</p><p>Aromático y amaderado, para hombre: una opción versátil para llevar de día. Eau de Parfum de 100 ml.</p>","Title","Default Title"
"island-breeze","ISLAND BREEZE","<p>Island Breeze va al grano: melocotón y frutos del bosque en la salida, una rosa en el corazón y un fondo ligero de almizcle blanco. Es pura fruta jugosa con un guiño floral.</p><p>Con su aire veraniego y alegre, es un perfume unisex para días de sol y calor. Eau de Parfum.</p>","Title","Default Title"
"yum-yum-100ml","YUM YUM","<p>Dulce desde el primer momento: Yum Yum comienza con cereza, bayas silvestres y naranja, una salida jugosa que se suaviza en un corazón de rosa y vainilla. Al final queda un fondo atalcado de almizcle.</p><p>Frutal y floral, para mujer, cómodo para el uso diario. Eau de Parfum de 100 ml.</p>","Title","Default Title"
"nitro-red-3-4-edp-m","NITRO RED","<p>Nitro Red arranca con manzana, bergamota y lavanda, una mezcla frutal y aromática que pronto da paso a la sandía y al cedro. El fondo, más seco, llega con sándalo y pachulí.</p><p>Fresco y jugoso, para hombre; una buena elección para los días de calor. Eau de Parfum.</p>","Title","Default Title"
"dumont-nitro-red-intense","NITRO RED INTENSE","<p>Un frutal amaderado con giro salino. Nitro Red Intensely abre con melón, durazno y manzana; en el corazón aparecen la sal marina y el cedro, y el fondo cierra con ámbar y sándalo.</p><p>Fresco y luminoso, para hombre; se disfruta de día, más aún con calor. Extrait de Parfum.</p>","Title","Default Title"
"ch-la-bomba-edp-80ml","CAROLINA HERRERA LA BOMBA","<p>La Bomba arranca tropical, con pitahaya y piña. En el corazón estalla un ramo de frangipani, peonía roja y jazmín sambac, y el cierre es cremoso, con vainilla y haba tonka.</p><p>Para mujer, con un perfil frutal y floral que pide salir de noche. Eau de Parfum de 80 ml.</p>","Title","Default Title"
"maison-alhambra-jean-lowe-azzure","JEAN LOWE AZZURE","<p>Con mandarina y bergamota en la salida, Jean Lowe Azure sigue con un corazón de naranja, todo en clave cítrica. En el fondo, el jengibre y el ámbar gris le dan un toque cálido sin quitarle frescura.</p><p>Unisex, luminoso y ligeramente dulce, va muy bien de día y con calor. Eau de Parfum.</p>","Title","Default Title"
"afnan-turathi-electric-3-0-edp-u","TURATHI ELECTRIC","<p>Turathi Electric enciende la salida con pera, pomelo rosado y mandarina. Después, la flor de azahar y la manzana ocupan el corazón, y todo se asienta en un fondo suave de almizcle y vainilla.</p><p>Unisex, cítrico y luminoso, un floral frutal que va bien de día y con calor. Eau de Parfum.</p>","Title","Default Title"
"french-avenue-azzure-100ml","AZZURE AOUD","<p>Azzure Aoud empieza jugoso, con maracuyá, y enseguida suma azafrán y rosa. Después el oud toma el mando junto al benjuí, y el fondo se vuelve resinoso y amaderado, con cuero y guayaco.</p><p>Un oriental especiado para hombre, hecho para la noche y las temporadas frías. Eau de Parfum de 100 ml.</p>","Title","Default Title"
"french-avenue-liquid-brun","LÍQUIDO BRUN","<p>La vainilla Bourbon es el centro de Liquid Brun. La anuncian canela, cardamomo y un destello de azahar; luego la acompaña el elemí, y el praliné endulza el fondo, junto al guayaco.</p><p>Cálido y goloso, para hombre; se luce de noche y en días fríos. Eau de Parfum.</p>","Title","Default Title"
"valentino-uomo-born-in-roma-100ml","VALENTINO UOMO BORN IN ROMA","<p>Valentino Uomo Born in Roma apuesta por lo salino: sal, notas minerales y hoja de violeta al comienzo; salvia y jengibre después, y vetiver con notas amaderadas para terminar.</p><p>Mineral y fresco, para hombre; se siente en su elemento en días soleados y climas cálidos. Eau de Toilette de 100 ml.</p>","Title","Default Title"
"valentino-uomo-born-in-roma-fantasy-100ml","VALENTINO BORN IN ROMA FANTASY","<p>Valentino Uomo Born in Roma Coral Fantasy combina fruta y especia en la salida, con manzana roja, cardamomo y bergamota de Calabria; luego vienen la lavanda y el geranio Bourbon, y para cerrar, hoja de tabaco y vetiver de Haití.</p><p>Un aromático frutal para hombre, cómodo en el día y en climas templados. Eau de Toilette de 100 ml.</p>","Title","Default Title"
"hawas-edp-100ml-hombre","HAWAS FOR HIM","<p>El centro de Hawas for Him son las notas acuáticas, mezcladas con ciruela y cardamomo; antes aparecen la manzana y la bergamota, y al final quedan el ámbar gris y la madera de deriva.</p><p>Dulce y especiado sin dejar de ser fresco; para hombre, sobre todo en días calurosos. Eau de Parfum de 100 ml.</p>","Title","Default Title"
"maahir-legacy","MAAHIR LEGACY","<p>Maahir Legacy refresca de golpe con lima, menta y toronja, en una salida mentolada. El corazón, más aromático, trae pimienta negra y romero, y el fondo se asienta en vetiver y musgo de roble.</p><p>Para hombre, cítrico y vigoroso, hecho para las mañanas y tardes de calor. Eau de Parfum.</p>","Title","Default Title"
"lattafa-atlas","LATTAFA ATLAS","<p>Atlas huele a mar desde el primer momento: notas marinas, sal y limón en la salida. Luego, la davana y el iris le dan un matiz aromático, y el ámbar gris y el sándalo cierran el recorrido.</p><p>Un unisex fresco y salino para los días de calor. Eau de Parfum.</p>","Title","Default Title"
"lattafa-yara-candy-100ml","LATTAFA YARA CANDY","<p>Yara Candy entra con grosella negra y mandarina verde, y al poco rato se pone juguetón: un caramelo efervescente de fresa y la gardenia ocupan el corazón. El fondo, de vainilla, almizcle y sándalo, deja una sensación empolvada.</p><p>Para mujer, dulce y afrutado, va bien en salidas de tarde. Eau de Parfum de 100 ml.</p>","Title","Default Title"
"lattafa-asad-hombre-100ml","LATTAFA ASAD HOMBRE","<p>La pimienta negra marca el arranque de Asad, junto al tabaco y un toque de piña. El café y el pachulí le dan profundidad al corazón, y todo desemboca en vainilla y ámbar.</p><p>Para hombre, intenso, especiado y amaderado, a gusto en la noche y en los días de lluvia. Eau de Parfum de 100 ml.</p>","Title","Default Title"
"lattafa-asad-bourbon-100ml","LATTAFA ASAD BOURBON","<p>Desde el inicio se juntan lavanda, ciruela mirabel y pimienta rosa; luego, el cacao y la nuez moscada le dan a Asad Bourbon un corazón goloso y especiado, y el cierre llega con vainilla bourbon y ámbar.</p><p>Dulce y cálido, este perfume para hombre brilla en las noches frescas. Eau de Parfum de 100 ml.</p>","Title","Default Title"
"lattafa-jasoor-men","LATTAFA JASOOR MEN","<p>Con un pie en lo fresco y otro en lo especiado, Jasoor parte de manzana, cardamomo y bergamota, pasa a un corazón de tabaco y lavanda y termina en haba tonka y cuero.</p><p>Para hombre, aromático y con un toque afrutado, se adapta bien al día y a las tardes templadas. Eau de Parfum.</p>","Title","Default Title"
"lattafa-mayar-100ml","LATTAFA MAYAR","<p>Mayar comienza jugoso, con lichi, frambuesa y el verdor de la hoja de violeta. La rosa blanca y la peonía dibujan un corazón delicado, y el fondo queda suave con almizcle y vainilla.</p><p>Para mujer, entre fresco y dulce, luce en días soleados. Eau de Parfum de 100 ml.</p>","Title","Default Title"
"germany","GERMANY 92","<p>Germany 92 es un amaderado aromático de Another Lab, con un fondo de maderas.</p><p>Un perfume unisex para el día a día. Eau de Parfum de 90 ml.</p>","Title","Default Title"
"italy","ITALY 86","<p>Italy 86 es un aromático amaderado de Another Lab, con una salida cítrica y un fondo de maderas y almizcle.</p><p>Fresco y versátil para el día. Eau de Parfum de 90 ml.</p>","Title","Default Title"
"rioh","RIOH 99","<p>Rioh 99 es un floral frutal dulce de Another Lab, pensado para mujer.</p><p>Si quieres saber más de cómo huele antes de elegirlo, escríbenos y te asesoramos. Extrait de Parfum de 90 ml.</p>","Title","Default Title"
"odyssey-go-mango","ODYSSEY-GO-MANGO","<p>En Odyssey Go Mango la fruta manda. El mango aparece tras una salida viva de limón, jengibre y pimienta rosa, se apoya en haba tonka y termina cremoso, con vainilla y madera de guayaco.</p><p>Tropical y dulce, es un frutal con cuerpo para hombre, pensado para la noche. Eau de Parfum.</p>","Title","Default Title"
"odyssey-artisto","ODYSSEY ARTISTO","<p>Entre lo aromático y lo cremoso se mueve Odyssey Artisto. La bergamota y la salvia abren paso a un corazón tropical de coco y canela, que se asienta sobre vainilla y haba tonka.</p><p>Para hombre que prefiere los aromas dulces con especia, en noches de clima fresco. Eau de Parfum.</p>","Title","Default Title"
"odysey-aqua","ODYSEY AQUA","<p>Primero llegan la naranja, el pomelo y la artemisa; después, la menta y la lavanda; al final, el ambroxan y el ciprés. Así recorre Odyssey Aqua el camino de lo cítrico a lo aromático, sin perder frescura.</p><p>De carácter enérgico, es un amaderado para hombre que rinde en las mañanas y tardes calurosas. Eau de Parfum.</p>","Title","Default Title"
"club-de-nuit-milestone-unisex-105-ml","CLUB DE NUIT MILESTONE","<p>Las notas marinas marcan el tono de Club de Nuit Milestone desde la salida, junto a frutos rojos y bergamota. La violeta y el sándalo le dan un corazón suave, y el cierre limpio llega con almizcle y vetiver.</p><p>Fresco y amaderado, pensado para los días de calor. Eau de Parfum de 105 ml.</p>","Title","Default Title"
"odyssey-mandarin-sky-3-4-edp-m","ODYSSEY MANDARIN SKY","<p>La mandarina manda en la salida, acompañada de naranja y un toque de azafrán. Luego el caramelo y el haba tonka endulzan el corazón, y el ambroxan con el cedro dan un fondo más seco.</p><p>Enérgico y cítrico, pero con dulzor: un perfume para hombre que encaja al caer la tarde y en la noche. Eau de Parfum.</p>","Title","Default Title"
"club-de-nuit-maleka-3-6-edp-l","CLUB DE NUIT MALEKA","<p>Club de Nuit Maleka abre luminoso, con lichi, bergamota y pimienta rosa. El iris aporta después un corazón atalcado, y el fondo combina la dulzura del praliné con el ambroxan y el sándalo.</p><p>Un floral frutal para mujer con una textura cremosa y delicada, que encuentra su lugar de día. Eau de Parfum.</p>","Title","Default Title"
"odyssey-candee-3-4-edp-l","ODYSSEY CANDEE","<p>Odyssey Candee tiene un lado juguetón desde la salida, con fresa, frambuesa y melocotón. El caramelo, el maracuyá y el jazmín forman un corazón dulce y frutal, y el pachulí le da un fondo más firme.</p><p>Un gourmand acaramelado para mujer, para planes de noche y clima fresco. Eau de Parfum.</p>","Title","Default Title"
"odyssey-wild-one-100ml","ODYSSEY WILD ONE","<p>Primero llegan la bergamota, la menta y la pimienta, en un arranque chispeante. Luego Odyssey Wild One toma un tono aromático con lavanda y jengibre, y termina sobre un fondo seco de vetiver y sándalo.</p><p>Fresco y especiado a la vez, es un amaderado para hombre, fácil de llevar de día. Eau de Parfum de 100 ml.</p>","Title","Default Title"
"odyssey-mandarin-sky-elixir-100-ml","ODYSSEY MANDARÍN SKY ELIXIR","<p>Cítrico y especiado al arrancar, Odyssey Mandarin Sky Elixir combina mandarina, cardamomo y pimienta negra. El corazón de caramelo e incienso suma dulzor y un aire ahumado, y el fondo reposa en vainilla y vetiver.</p><p>Su terreno son la noche y los días frescos: un perfume para hombre, cálido y profundo. Eau de Parfum de 100 ml.</p>","Title","Default Title"
"odysey-marshmallow","ODYSEY MARSHMALLOW","<p>Desde la salida, el coco, la manzana y la peonía anuncian un perfume dulce y frutal. El malvavisco y la fresa protagonizan el corazón, y el fondo cremoso de queso mascarpone y vainilla cierra el conjunto.</p><p>Para mujer que disfruta lo goloso; brilla sobre todo en las noches frescas. Eau de Parfum.</p>","Title","Default Title"
"yara","YARA","<p>Suave y empolvado desde la salida, Yara reúne orquídea, heliotropo y una pizca de mandarina. El corazón mezcla un acorde gourmand con frutas tropicales, y el fondo, cremoso y envolvente, descansa en vainilla y almizcle.</p><p>Para mujer, acogedor y dulce; sus momentos son las tardes y las noches de clima fresco. Eau de Parfum.</p>","Title","Default Title"
"virgo","AHLI VIRGO","<p>Virgo abre con bergamota y azafrán, una entrada luminosa con un punto especiado. En el corazón, la rosa se endulza con ámbar y azúcar, y el fondo se asienta en almizcle, musgo de roble, haba tonka y oud.</p><p>Un ámbar floral con fondo amaderado, cálido y envolvente, que luce de noche y en los días frescos. Eau de Parfum de 60 ml.</p>","Title","Default Title"
"vega","AHLI VEGA","<p>Con lichi, ciruela y fresa en la salida, Vega empieza dulce y jugoso. Después, la rosa y la magnolia toman el centro, y el ámbar y la vainilla redondean el final con calidez.</p><p>De día es cuando más luce este floral frutal para hombre, desenfadado y sin complicaciones. Eau de Parfum.</p>","Title","Default Title"
"sahara","MATAI SAHARA","<p>Con manzana roja y coñac en la salida, Sahara se adentra en el nardo y la canela antes de llegar a un fondo balsámico de benjuí, mirra y vainilla.</p><p>Un unisex dulce y especiado que encuentra su momento en las noches frías. Eau de Parfum de 50 ml.</p>","Title","Default Title"
"oryx","MATAI ORYX","<p>Mandarina de Calabria y frutos rojos marcan la salida de Oryx; la magnolia y el jazmín florecen en el corazón; el fondo es cremoso, de sándalo, vainilla y caramelo.</p><p>Va bien en tardes frescas y salidas de noche; unisex, frutal y dulce. Eau de Parfum de 50 ml.</p>","Title","Default Title"
"mirza","MATAI MIRZA","<p>La bergamota y el maracuyá le dan a Mirza un comienzo frutal y vivo; después llegan el lirio de los valles, el jazmín y el iris, y el final es cremoso, con sándalo y vainilla.</p><p>Floral y unisex, con un carácter cálido que se disfruta de noche o en días frescos. Eau de Parfum de 50 ml.</p>","Title","Default Title"
"lunar","MATAI LUNAR","<p>Pocas notas y bien definidas: Lunar abre con cítricos, sigue con flor de manzano y lima, y cierra con un fondo de almizcle limpio, sin perder la ligereza en ningún momento.</p><p>Funciona de día y en clima cálido; un unisex fresco y sin complicaciones. Eau de Parfum de 50 ml.</p>","Title","Default Title"
"kaif","MATAI KAIF","<p>Kaif arranca dulce y jugoso, con fresa, cereza y un acento de almendra; en el corazón aparecen la mimosa y el heliotropo, y el fondo reposa en haba tonka y vainilla.</p><p>Un floral frutal unisex y envolvente, que luce cuando refresca. Eau de Parfum de 50 ml.</p>","Title","Default Title"
"adhara","MATAI ADHARA","<p>Goloso de principio a fin, Adhara pone el caramelo en la salida, y la cumarina y la miel del corazón le suman calidez. Al cierre, la vainilla y el almizcle lo envuelven todo.</p><p>Unisex y decididamente dulce, reservado para la noche cuando hace frío. Eau de Parfum de 50 ml.</p>","Title","Default Title"
"emmer","EMMER","<p>Limón, bergamota y salvia esclarea le dan a Emeer una salida cítrica y herbal. El té blanco y el cardamomo forman un corazón sereno, y el fondo gira hacia lo amaderado con cedro y ámbar gris.</p><p>Para hombre, fresco y aromático, una opción versátil para el día y el clima templado. Eau de Parfum.</p>","Title","Default Title"
"amber-skin","AMBER SKIN","<p>Amber Skin tiene tres momentos: una salida de bergamota y limón, un corazón aromático de lavanda y nuez moscada y un fondo dulce y cálido de tabaco, azúcar y vainilla.</p><p>Unisex, con un equilibrio entre frescura y dulzor; encaja tanto en la tarde como en la noche. Concentración Parfum.</p>","Title","Default Title"
"amber-mirage","AMBER MIRAGE","<p>Todo en Amber Mirage es suave: pera, durazno y notas verdes en la salida, violeta e iris en un corazón atalcado, y almizcle y ámbar en el fondo, sin estridencias.</p><p>Un floral unisex y discreto, fácil de llevar durante el día, también en ambientes cerrados. Concentración Parfum.</p>","Title","Default Title"
"amber-arabian","AMBER ARABIAN","<p>Azafrán y fresa abren Amber Arabian con un juego especiado y dulce. Después, la rosa búlgara y los nardos se mezclan con un acorde de resina de abeto, y todo descansa sobre ámbar y vainilla.</p><p>Pensado para la noche y los días frescos, es unisex, cálido y ambarado. Extrait de Parfum.</p>","Title","Default Title"
"strong-as-metal","STRONG AS METAL","<p>La ciruela negra le da a Strong as Metal un comienzo frutal y oscuro, acompañada de bergamota y hoja de laurel. Luego dominan el ciprés y el vetiver, y el final es seco y terroso, con tabaco y musgo.</p><p>Para hombre, amaderado y firme; encaja mejor en la noche y el clima frío. Extrait de Parfum.</p>","Title","Default Title"
"deep-smoke","DEEP SMOKE","<p>Un cuero aromático que empieza limpio, con lavanda y salvia, y cambia de tono en el corazón: cuero, mazapán y raíz de lirio forman una mezcla dulce y atalcada que reposa sobre benjuí y ámbar gris.</p><p>Deep Smoke es cálido y envolvente, para hombre, y luce de noche y con clima fresco. Extrait de Parfum.</p>","Title","Default Title"
"imagine","IMAGINE","<p>Con su acorde de avellana, el limón de Amalfi y el jengibre, Imagine empieza luminoso y con chispa especiada. En el corazón florecen los nardos y el frangipani, y el fondo, cremoso, trae coco y haba tonka.</p><p>Floral y dulce a la vez, unisex, luce en salidas de noche. Extrait de Parfum.</p>","Title","Default Title"
"forgive-us","FORGIVE US","<p>Forgive Us arranca fresco y crujiente, con manzana verde, limón de Amalfi y pimienta rosa. Luego se suaviza con jazmín y sándalo, y al final regresa la fruta: moras silvestres y melocotón blanco en un fondo delicado.</p><p>Cítrico y frutal, unisex, para el día y los climas cálidos. Extrait de Parfum.</p>","Title","Default Title"
"spice-mecican","SPICE MEXICAN","<p>Lima kaffir y yuzu abren Spice Mexican con un cítrico vibrante. Después llegan la flor de naranjo y las hojas de higuera, y el fondo se vuelve amaderado con vetiver y ciprés, más un toque suave de vainilla.</p><p>Fresco y verde, para hombre, se lleva bien de día, en especial con clima cálido. Extrait de Parfum.</p>","Title","Default Title"
"sinfonia-21","SINFONÍA 21","<p>Creado junto a la banda colombiana Piso 21, Sinfonía comienza con bergamota, jengibre y cardamomo, en una salida especiada. En el centro aparece una rosa que redondea la mezcla, y el cierre es cálido y amaderado, con vainilla y sándalo.</p><p>Armonioso y aromático, para mujer; se disfruta más al caer la tarde. Extrait de Parfum.</p>","Title","Default Title"
"aurora-pacifica","AURORA PACÍFIC","<p>Aurora Pacific juega con los contrastes. Abre fresco con cardamomo y mojito, se oscurece en un corazón de chocolate negro y cierra con tabaco y haba tonka, en un fondo cálido y goloso.</p><p>Especiado y gourmand, para mujer; su lado profundo luce en noches frescas. Extrait de Parfum.</p>","Title","Default Title"
"cabo-cristal","CABO CRISTAL","<p>Fruta del trópico al primer contacto: Cabo Cristal se presenta con pomarosa y guayaba verde, jugosas y frescas. Luego florece en rosa colombiana y orquídea, y termina en un fondo cremoso de vainilla que suaviza el conjunto.</p><p>Frutal, floral y dulce, unisex, para llevar de día. Extrait de Parfum.</p>","Title","Default Title"
"alma-del-mar","ALMA DEL MAR","<p>La salida de Alma del Mar es un soplo frío de menta y vientos del páramo. Poco a poco el frescor se calienta con café colombiano, que le da un matiz tostado, y termina en un fondo de coñac.</p><p>Fresco, mentolado y con carácter, para mujer; va bien de día. Extrait de Parfum.</p>","Title","Default Title"
"overdose","AHLI OVERDOSE","<p>Overdose arranca con bergamota, naranja y notas verdes, y enseguida se llena de fruta jugosa: melón, pera y piña. Al final, la vainilla lo suaviza sobre una base amaderada.</p><p>Lo suyo es el día y el calor: un frutal para hombre, fresco y dulce a la vez. Eau de Parfum.</p>","Title","Default Title"
"macamel","AHLI MACAMEL","<p>Macamel es un ámbar especiado de AHLI: cálido, envolvente y con un fondo dulce.</p><p>Se disfruta de noche y en los días frescos. Eau de Parfum de 60 ml.</p>","Title","Default Title"
"genimi","AHLI GENIMI","<p>Gemini juega con los contrastes: abre fresco, con notas marinas, pomelo y mandarina, y en el corazón se vuelve goloso con pachulí, jazmín, chocolate y vainilla. El fondo reúne musgo de roble, ámbar, madera de guayaco, almizcle y caramelo.</p><p>Empieza ligero y termina dulce y amaderado; va bien de tarde y de noche. Eau de Parfum de 60 ml.</p>","Title","Default Title"
"crux","AHLI CRUX","<p>Crux es un Eau de Parfum de AHLI, en frasco de 60 ml.</p><p>Si quieres saber cómo huele antes de elegirlo, escríbenos y te asesoramos.</p>","Title","Default Title"
"corvus","AHLI CORVUS","<p>Jugoso desde el arranque, Corvus pone por delante la fresa, la frambuesa y la cereza. Luego la violeta y el jazmín aportan el matiz floral, y el fondo se vuelve cálido con vainilla y madera de cachemira.</p><p>Una propuesta dulce y alegre que luce sobre todo de día. Eau de Parfum.</p>","Title","Default Title"
"canes","AHLI CANES","<p>Canes abre con el aire marino del calone, cruzado por anís y notas cítricas. En el corazón asoman el jazmín y el ámbar, y el cierre es limpio, de almizcle y notas amaderadas.</p><p>Fresco y con un giro anisado, este acuático para hombre va bien en días soleados y de calor. Eau de Parfum.</p>","Title","Default Title"
"rayhaan-tiger","RAYHAAN TIGER","<p>Tiger abre con nuez moscada, clavo y limón, una entrada especiada y viva. En el corazón, la rosa y la davana se suavizan con un acorde lácteo, y el fondo se asienta en ládano, pachulí, incienso y ámbar.</p><p>Un amaderado especiado para hombre, cálido y con carácter, para la noche y los días frescos. Eau de Parfum de 100 ml.</p>","Title","Default Title"
"rayhaan-pacific-aura-hombre-100ml","RAYHAAN PACIFIC AURA","<p>Mandarina, cidra y menta forman una salida cítrica y mentolada; el corazón gira hacia lo aromático con albahaca y zanahoria, y el fondo combina higo y ambroxan.</p><p>Pacific Aura es para hombre y tiene un aire fresco hecho para el sol y el calor. Eau de Parfum de 100 ml.</p>","Title","Default Title"
"hawas-tropical-100ml","HAWAS TROPICAL","<p>Hawas Tropical se mueve entre lo verde y lo cremoso: abre con agua de coco y hoja de higuera, suma menta e higo en el corazón, antes de descansar en un fondo suave de haba tonka y sándalo.</p><p>Un aromático para hombre que encaja con el calor y los días de playa. Eau de Parfum de 100 ml.</p>","Title","Default Title"
"hawas-malibu-hombre","HAWAS MALIBU","<p>Hawas Malibu tiene un arranque jugoso de piña, naranja y pomelo; en el corazón, la lavanda y la raíz de lirio le dan un giro aromático, y haba tonka y cashmeran suavizan el fondo.</p><p>Para días de sol y calor: fresco, apenas dulce y para hombre. Eau de Parfum.</p>","Title","Default Title"
"hawas-london-100ml","HAWAS LONDON","<p>Hawas London empieza especiado, con azafrán y pimienta rosa suavizados por la pera; después la rosa se une al olíbano en un corazón resinoso, y el fondo se apoya en maderas rubias y vainilla.</p><p>Para hombre, cálido y con un lado floral: se luce de noche y en días fríos. Eau de Parfum de 100 ml.</p>","Title","Default Title"
"hawas-ice","HAWAS ICE","<p>Hawas Ice gira en torno a un acorde marino helado: llega después de una salida de limón de Italia, manzana y anís estrellado, se encuentra con el cardamomo y desemboca en un fondo de madera de deriva y musgo.</p><p>Fresco y algo especiado: un acuático para hombre que pide días de calor. Eau de Parfum.</p>","Title","Default Title"
"hawas-for-her","HAWAS FOR HER","<p>En Hawas for Her la granada y la manzana roja abren el camino; el corazón trae iris y jazmín sambac, y el fondo une praliné, pachulí y vetiver en un cierre dulce y amaderado.</p><p>Para mujer, de perfil frutal y floral, cómodo para el día a día. Eau de Parfum.</p>","Title","Default Title"
"hawas-fire-edp-100ml","HAWAS FIRE EDP","<p>Hawas Fire parte de la salvia esclarea y avanza hacia un corazón de jazmín egipcio con notas marinas; el fondo, tibio, junta ámbar gris y ámbar mineral.</p><p>De carácter salino y aromático, este perfume para hombre se lleva con naturalidad de día, también cuando hace calor. Eau de Parfum de 100 ml.</p>","Title","Default Title"
"hawas-elixir-unisex-100ml","HAWAS ELIXIR UNISEX","<p>Hawas Elixir juega con los contrastes: abre mentolado, con menta y artemisa, se oscurece en el corazón con chocolate negro y lavanda, y remata dulce y cálido sobre vainilla y haba tonka.</p><p>Un gourmand unisex con un punto fresco; brilla de noche y cuando hace frío. Eau de Parfum de 100 ml.</p>","Title","Default Title"
"hawas-eclat-for-her-100ml","HAWAS ECLAT FOR HER","<p>Es un oriental floral para mujer: abre con lichi, pera y pistacho, tiene un corazón donde la rosa se cruza con el incienso y termina suave, con vainilla y ámbar.</p><p>Dulce y cremoso sin perder el lado frutal, para salidas de tarde o de noche. Eau de Parfum de 100 ml.</p>","Title","Default Title"
"hawas-black-100ml","HAWAS BLACK","<p>Piña, pomelo y bergamota abren Hawas Black con un golpe frutal y fresco; luego toman fuerza el pachulí y el cedro, y el fondo trae musgo de roble y ámbar.</p><p>Un perfume para hombre, frutal y musgoso, que funciona bien durante el día. Eau de Parfum de 100 ml.</p>","Title","Default Title"
"hawas-atlantis-100ml","HAWAS ATLANTIS","<p>Un acuático amaderado para hombre con aire de costa: bergamota y gálbano al abrir, un corazón de jengibre con notas minerales y salinas, y un fondo seco de sándalo y cedro.</p><p>Fresco y limpio, rinde de día y con calor. Eau de Parfum de 100 ml.</p>","Title","Default Title"
"noor","MATAI NOOR","<p>Una salida frutal de maracuyá y coco da paso a un corazón floral de rosa y ylang-ylang; después, Noor se vuelve gourmand, con vainilla, caramelo y chocolate.</p><p>Dulce y unisex, para quien disfruta de los perfumes golosos, sobre todo en noches frescas. Eau de Parfum de 50 ml.</p>","Title","Default Title"
"nasim","MATAI NASIM","<p>Especiado de entrada, con cardamomo y canela, Nasim se abre luego a un corazón de nardo, jazmín y magnolia y se asienta sobre sándalo y haba tonka, en un fondo amaderado y tibio.</p><p>Entre floral y cálido, este unisex acompaña bien la tarde y la noche. Eau de Parfum de 50 ml.</p>","Title","Default Title"
"celeste","MATAI CELESTE","<p>Celeste arranca con bergamota y lavanda, y desde ahí todo es limpio y aromático. En el corazón, cedro, vetiver y pachulí le dan cuerpo, y el sándalo y el almizcle aquietan el fondo.</p><p>Unisex, sobrio y fresco, resulta cómodo en la oficina y con clima templado. Eau de Parfum de 50 ml.</p>","Title","Default Title"
"aura","MATAI AURA","<p>La bergamota y la naranja tangerina iluminan la salida de Aura. En el corazón, la nuez moscada y el clavo de olor acompañan al jazmín, y luego la cachemira y el ámbar construyen un fondo amaderado.</p><p>Cálido y especiado, un unisex para tardes nubladas y noches frescas. Eau de Parfum de 50 ml.</p>","Title","Default Title"
"maison-alhambra-delilah-pour-femme","MAISON ALHAMBRA DELILAH POUR FEMME","<p>Delilah se estrena con ruibarbo, lichi y bergamota, una salida frutal y vivaz. Florecen después la rosa turca y la peonía, y el fondo, de almizcle blanco y vainilla, es suave y empolvado.</p><p>Un floral frutal para mujer, delicado y fresco, muy grato en mañanas y días tibios. Eau de Parfum.</p>","Title","Default Title"
"lattafa-victoria-100ml","LATTAFA VICTORIA","<p>Victoria abre con una nota de tarta de limón con merengue, cítrica y golosa al mismo tiempo. El neroli le aporta después un corazón floral y luminoso, y la vainilla cierra con un fondo cremoso.</p><p>Pensado para mujer, es un gourmand alegre y diurno. Eau de Parfum de 100 ml.</p>","Title","Default Title"
"lattafa-qaed-al-fursan-untamed","LATTAFA QAED AL FURSAN UNTAMED","<p>Qaed Al Fursan Untamed abre especiado, con mandarina, canela y cardamomo. Hacia el corazón, el caramelo se encuentra con la lavanda en una mezcla dulce y herbal, y el fondo, amaderado, se apoya en cedro y olíbano.</p><p>Para hombre, cálido y aromático, a la medida de las noches frescas. Eau de Parfum.</p>","Title","Default Title"
"lattafa-qaed-al-fursan","LATTAFA QAED AL FURSAN","<p>Qaed Al Fursan, en su versión Unlimited, abre con piña, cítricos y coco, una salida tropical y jugosa. El corazón es floral, con jazmín, frangipani e ylang-ylang, y el fondo se vuelve cremoso con vainilla, almizcle blanco, sándalo y notas dulces.</p><p>Un floral frutal goloso y alegre, para el día y las noches cálidas. Eau de Parfum de 90 ml.</p>","Title","Default Title"
"al-oud-sublime","AL OUD SUBLIME","<p>Al Oud Sublime abre con ciruela y manzana, una salida jugosa. En el corazón se reúnen la magnolia, el jazmín, una nota solar, el ládano y el ámbar, y el fondo deja almizcle, musgo, caramelo y oud.</p><p>Unisex, cálido y envolvente, para la noche y los días frescos. Eau de Parfum de 100 ml.</p>","Title","Default Title"
"lattafa-khamrah-qahwa","LATTAFA KHAMRAH QAHWA","<p>Especiado al abrir, con canela, cardamomo y jengibre, Khamrah Qahwa gana dulzor en el corazón con praliné y frutas confitadas. Al final aparece el café, envuelto en vainilla, sobre un fondo cálido y profundo.</p><p>Goloso y pensado para hombre, se disfruta especialmente en las noches frías. Eau de Parfum.</p>","Title","Default Title"
"lattafa-pride-art-of-universe","LATTAFA PRIDE ART OF UNIVERSE","<p>En la salida de Art of Universe mandan la mandarina, la bergamota y la menta. Más adelante, la pera y el azahar suavizan el corazón, y el final es limpio, de almizcle y cedro.</p><p>Un cítrico para hombre, afrutado y almizclado, que pide sol y calor. Eau de Parfum.</p>","Title","Default Title"
"maison-alhambra-jean-lowe-matriere","MAISON ALHAMBRA JEAN LOWE MAITRE","<p>Narciso y jazmín perfuman la salida de Jean Lowe Maître, y un corazón de rosa y ciclamen mantiene el tono floral. Hacia el final se oscurece con oud, pachulí e incienso, en un fondo terroso y cálido.</p><p>Un floral de carácter amaderado que se lleva de noche y con clima fresco. Eau de Parfum.</p>","Title","Default Title"
"maison-alhambra-spectre-malachite","MAISON ALHAMBRA SPECTRE MALACHITE","<p>Sceptre Malachite arranca cítrico y vivo, con mandarina verde, grosella negra y bergamota. En el corazón, la lavanda y la pimienta rosa ponen el acento aromático, sobre una base de ámbar y vetiver.</p><p>Para hombre, amaderado y fresco, se presta para el uso diario en clima templado. Eau de Parfum.</p>","Title","Default Title"
"lattafa-musaman-white","LATTAFA MUSAMAN WHITE","<p>Musamam White Intense despierta con especias, bergamota y naranja, y pronto se ablanda en un corazón cremoso de ylang-ylang y coco. El fondo de sándalo y almizcle le da un acabado amaderado.</p><p>Unisex, con su lado floral y especiado, acompaña bien el atardecer y la noche. Eau de Parfum.</p>","Title","Default Title"
"al-oud-honor-glory","AL OUD HONOR & GLORY","<p>Piña y crème brûlée abren este gourmand especiado con una entrada dulce y jugosa. En el corazón aparecen la canela, la cúrcuma y la pimienta negra, y el fondo se vuelve cremoso con vainilla y sándalo.</p><p>Un perfume para hombre, dulce y cálido, que funciona de noche y en clima fresco. Eau de Parfum.</p>","Title","Default Title"
"alhambra-jean-lowe-fraiche","ALHAMBRA JEAN LOWE FRAICHE","<p>Al revés de lo habitual, Jean Lowe Fraiche empieza por lo profundo, con ládano, pachulí y sándalo, y luego se aclara con melón y jazmín en el corazón. El final reposa en cedro y ámbar.</p><p>Unisex, ambarado y con un lado floral que lo suaviza; se disfruta en tardes y noches frescas. Eau de Parfum.</p>","Title","Default Title"
"amethyst","AMETHYST","<p>Un ramo de rosa turca y jazmín es el centro de Amethyst, con una salida de pimienta rosa y bergamota que lo anuncia. Debajo, el oud, el ámbar y la vainilla le dan un fondo envolvente.</p><p>Floral y ambarado, este unisex luce cuando cae la noche y refresca. Eau de Parfum.</p>","Title","Default Title"
"al-qiam-gold","Al QUIAM GOLD","<p>De entrada, frambuesa y azafrán: un contraste frutal y especiado que da paso a un corazón de cuero y pachulí. Al Qiam Gold termina sobre oud, ámbar y madera de guayaco.</p><p>Unisex, intenso y cálido, con un perfil amaderado que se luce de noche, cuando baja la temperatura. Eau de Parfum.</p>","Title","Default Title"
"ajwad-lattafa","AJWAD LATTAFA","<p>Notas frutales abren Ajwad y pronto ceden el paso a un corazón de rosa y jazmín. Con el tiempo se vuelve más cálido y suave, con vainilla, almizcle y ámbar sobre un fondo de cedro.</p><p>Delicado, con un dulzor floral pensado para el día. Eau de Parfum.</p>","Title","Default Title"
"ariana-grande-thank-you-next-100ml","ARIANA GRANDE THANK U NEXT","<p>Frambuesa y pera ponen la nota frutal al comienzo de Thank U, Next. Luego el coco se mezcla con la rosa rosada en el corazón, y el fondo, de macarons y almizcle, le da un final cremoso.</p><p>Su tono juvenil y dulce lo vuelve una buena elección para mujer en planes de día. Eau de Parfum de 100 ml.</p>","Title","Default Title"
"ariana-grande-thank-you-next2-0","ARIANA GRANDE THANK U NEXT 2.0","<p>Jugo de manzana, fresa silvestre y granada abren Thank U, Next 2.0 con mucho brillo. En el corazón, la orquídea blanca y el jazmín suman un toque floral, y el malvavisco con el sándalo dejan un fondo esponjoso.</p><p>Alegre y jugoso, un floral frutal para mujer hecho para los días de sol. Eau de Parfum.</p>","Title","Default Title"
"ariana-grande-cloud","ARIANA GRANDE CLOUD","<p>Cloud empieza ligero, con lavanda, pera y bergamota, y enseguida se vuelve cremoso: la crema batida, el coco y el praliné llenan el corazón antes de llegar a un fondo de almizcle.</p><p>Es un gourmand para mujer, dulce y sereno, para tardes y noches de clima fresco. Eau de Parfum.</p>","Title","Default Title"
"bharara-king-3-4","BHARARA KING","<p>Bharara King abre con un golpe cítrico de naranja, bergamota y limón. Enseguida aparecen notas frutales de tipo tutti frutti que lo endulzan, y al final se asienta en vainilla, almizcle blanco y ámbar.</p><p>Un frutal dulce y ambarado para hombre, con un aire alegre para el día a día. Eau de Parfum.</p>","Title","Default Title"
"al-haramain-amber-oud-rouge-unisex-edp-60-ml","AMBER OUD ROUGE","<p>Abre con el toque especiado del azafrán, que pronto deja paso a un corazón de jazmín. El fondo, de ámbar gris, almizcle y extracto de cedro blanco, le da un acabado suave y almizclado.</p><p>Floral y cálido, funciona como perfume unisex para la noche y los días frescos. Eau de Parfum de 60 ml.</p>","Title","Default Title"
"al-haramain-amber-oud-gold-edp-60ml","AMBER OUD GOLD","<p>Fresco al comienzo y dulce al final: la bergamota y las notas verdes dan paso a un corazón de melón, piña y ámbar, y el fondo se suaviza con vainilla y almizcle.</p><p>Fácil de llevar en planes de tarde o de noche, este ambarado unisex tiene un lado frutal que lo aligera. Eau de Parfum de 60 ml.</p>","Title","Default Title"
"al-haramain-amber-oud-dubai-night-edp-100ml","AMBER OUD DUBAI NIGHT","<p>El azafrán y la bergamota marcan la salida de Amber Oud Dubai Night; en el corazón, la rosa búlgara se cruza con el oud, y el fondo se vuelve denso y ambarado con haba tonka, ámbar y almizcle blanco.</p><p>Un ámbar amaderado unisex, intenso y de matiz rosado, que pide la noche y el clima frío. Extrait de Parfum de 100 ml.</p>","Title","Default Title"
"9pm-elixir","9PM ELIXIR","<p>De entrada aparecen cardamomo, nuez moscada y elemí. En el corazón, el cuero y la lavanda le dan a 9PM Elixir un giro más seco, y el cierre se vuelve envolvente con vainilla y ládano.</p><p>Pensado para hombre, tiene un carácter especiado y avainillado que encaja en las noches frescas.</p>","Title","Default Title"
"9pm-black","9PM BLACK","<p>Manzana, canela y lavanda silvestre dan una salida especiada con un punto frutal. La flor de azahar suaviza el paso por el corazón, y el fondo se instala con vainilla, haba tonka y ámbar.</p><p>Dulce y cálido, este ámbar avainillado para hombre se luce de noche y cuando refresca. Eau de Parfum.</p>","Title","Default Title"
"9-pm-dive","9PM DIVE","<p>9am Dive arranca fresco y chispeante: limón, menta y grosella negra en la salida, manzana e incienso en el corazón, y un fondo de jengibre y sándalo que le da cuerpo sin apagar su lado cítrico.</p><p>Un aromático acuático para hombre, de perfil frutal, que se disfruta de día y con calor. Eau de Parfum.</p>","Title","Default Title"
"sabah","MATAI SABAH","<p>Rosa y hojas de violeta en la salida, y luego lo que define a Sabah: azafrán, azúcar morena y oud, una mezcla dulce y especiada que baja hacia un fondo de ámbar y vainilla.</p><p>Hecho para la noche o el clima frío: un unisex cálido y amaderado. Eau de Parfum de 50 ml.</p>","Title","Default Title"
"assad-elixir","ASAD ELIXIR","<p>Asad Elixir abre picante y brillante, con pimienta rosa, azafrán y toronja. Poco a poco se endulza: en el corazón conviven el tabaco y la vainilla, y el fondo toma un tono ambarado, con olíbano y pachulí.</p><p>Para hombre, dulce, especiado y amaderado, con la noche fresca como terreno natural. Eau de Parfum.</p>","Title","Default Title"
