"Handle","Title","Option1 Name","Option1 Value","Variant Price"
"moleculaire","MOLÉCULAIRE","Title","Default Title","1260000"
"l-ange-santorin","L’ANGE SANTORIN","Title","Default Title","1260000"
"genexys-3","GENESYX 3","Title","Default Title","1260000"
"sicilian-mafia","SICILIENNE MAFIA","Title","Default Title","1260000"
"abundance-infinite","ABUNDANCE INFINITE","Title","Default Title","1260000"
"amor-di-venezia","AMORE DI VENEZIA","Title","Default Title","1260000"
"l-art-cupido","L’ART CUPIDO","Title","Default Title","1260000"
"ilmin-il-benjuia","ILMIN IL BENJUIA","Title","Default Title","390000"
"montale-crazy-in-love","MONTALE CRAZY IN LOVE","Title","Default Title","505000"
"nautica-blue-1","NAUTICA BLUE","Title","Default Title","130000"
"nautica-voyage-2","NAUTICA VOYAGE","Title","Default Title","130000"
"sugardaddy-1","SUGARDADDY","Title","Default Title","1020000"
"nautica-voyage-1","NAUTICA VOYAGE","Title","Default Title","130000"
"mancera-roses-vanille","MANCERA ROSES VANILLE","Title","Default Title","525000"
"lyche-fiyi-88","LYCHE FIYI 88","Title","Default Title","330000"
"mancera-instant-crush-1","MANCERA INSTANT CRUSH","Title","Default Title","580000"
"mancera-french-riviera","MANCERA FRENCH RIVIERA","Title","Default Title","580000"
"montblanc-explorer-edp","MONTBLANC EXPLORER EDP","Title","Default Title","315000"
"korbaj-rose-sands","KORBAJ ROSE SANDS","Title","Default Title","475000"
"monaco-11","MÓNACO 11","Title","Default Title","330000"
"korbaj-toxic-desire","KORBAJ TOXIC DESIRE","Title","Default Title","370000"
"korbaj-musky-signature","KORBAJ MUSKY SIGNATURE","Title","Default Title","370000"
"korbaj-emir","KORBAJ EMIR","Title","Default Title","370000"
"korbaj-amara","KORBAJ AMARA","Title","Default Title","350000"
"ilmin-il-voss","ILMIN IL VOSS","Title","Default Title","390000"
"parfum-1","PARFUM 1","Title","Default Title","1020000"
"ilmin-il-roso","ILMIN IL ROSO","Title","Default Title","390000"
"ilmin-il-prospere","ILMIN IL PROSPERE","Title","Default Title","390000"
"ilmin-il-excentrique","ILMIN IL EXCENTRIQUE","Title","Default Title","390000"
"cash-flower","CASH FLOWER","Title","Default Title","1020000"
"ilmin-il-climax","ILMIN IL CLIMAX","Title","Default Title","390000"
"ilmin-il-bee","ILMIN IL BEE","Title","Default Title","390000"
"pomegranoudh","POMEGRANOUDH","Title","Default Title","1020000"
"ilmin-il-ame","ILMIN IL ÂME","Title","Default Title","390000"
"passionfroudh","PASSIONFROUDH","Title","Default Title","1020000"
"orange-crush","ORANGE CRUSH","Title","Default Title","1020000"
"stronger-with-you-edt","STRONGER WITH YOU EDT","Title","Default Title","505000"
"nocologne","NOCOLOGNE","Title","Default Title","1020000"
"oudh-zuid","OUDH ZUID","Title","Default Title","1020000"
"my-way-edp","MY WAY EDP","Title","Default Title","550000"
"acqua-di-gio-edt","ACQUA DI GIO EDT","Title","Default Title","580000"
"ch-carolina-herrera-edt","CH CAROLINA HERRERA EDT","Title","Default Title","445000"
"bad-boy-edt","BAD BOY EDT","Title","Default Title","445000"
"ch-men-edt","CH MEN EDT","Title","Default Title","420000"
"jean-paul-gaultier-le-male-edt","JEAN PAUL GAULTIER LE MALE EDT","Title","Default Title","415000"
"gaultier-divine-edp","GAULTIER DIVINE EDP","Title","Default Title","545000"
"212-vip-men-edt","212 VIP MEN EDT","Title","Default Title","595000"
"1-million-edt-100-ml","1 MILLION EDT 100 ML","Title","Default Title","475000"
"rabanne-phantom-edt","RABANNE PHANTOM EDT","Title","Default Title","445000"
"jean-paul-gaultier-le-male-le-parfum","JEAN PAUL GAULTIER LE MALE LE PARFUM","Title","Default Title","410000"
"invictus-edt-100-ml","INVICTUS EDT 100 ML","200 ML","INVICTUS EDP 200 ML","560000"
"ahli-vega-gold","AHLI VEGA GOLD","Title","Default Title","475000"
"ahli-swtzerland","AHLI SWITZERLAND","Title","Default Title","370000"
"ahli-mexico-1","AHLI MEXICO","Title","Default Title","370000"
"ember","MATAI EMBER","Title","Default Title","305000"
"zenith","MATAI ZENITH","Title","Default Title","305000"
"vega-gold","VEGA GOLD","Title","Default Title","475000"
"millionarie","MILLIONAIRE","Title","Default Title","1260000"
"aqua-paris","AQUA DE PARIS","Title","Default Title","1260000"
"beso-de-dragon","BESO DE DRAGÓN","Title","Default Title","1260000"
"amber-black","AMBER BLACK","Title","Default Title","350000"
"gold-ingot","GOLD INGOT","Title","Default Title","575000"
"acid-rain","ACID RAIN","Title","Default Title","575000"
"babylon","BABYLON","Title","Default Title","240000"
"lotus","LOTUS","Title","Default Title","240000"
"denali","DENALI","Title","Default Title","240000"
"taj-madal","TAJ MAHAL","Title","Default Title","240000"
"empire-state","EMPIRE STATE","Title","Default Title","240000"
"torre-eifel","TORRE EIFFEL","Title","Default Title","240000"
"burj-khalifa","BURJ KHALIFA","Title","Default Title","240000"
"ghighen-itza","GHIGHEN ITZA","Title","Default Title","240000"
"oud-noir","OUD NOIR","Title","Default Title","350000"
"oriental-rose","ORIENTAL ROSE","Title","Default Title","350000"
"oriental-elixir","ORIENTAL ELIXIR","Title","Default Title","350000"
"latin-rose","LATIN ROSE","Title","Default Title","350000"
"vip-carat","VIP CARAT","Title","Default Title","350000"
"passion","PASSION","Title","Default Title","350000"
"opulent","OPULENT","Title","Default Title","350000"
"okinawa-2","OKINAWA","Title","Default Title","350000"
"terren","TERREN","Title","Default Title","350000"
"by-drew","BY DREW","Title","Default Title","350000"
"oud-vanilla","OUD VANILLA","Title","Default Title","350000"
"regio","REGGIO","Title","Default Title","580000"
"sanremo","SANREMO","Title","Default Title","580000"
"verona","VERONA","Title","Default Title","580000"
"sorrento","SORRENTO","Title","Default Title","580000"
"napoli","NAPOLI","Title","Default Title","580000"
"kingdelary","KINGDELARY","Title","Default Title","580000"
"toscana","TOSCANA","Title","Default Title","580000"
"palermo","PALERMO","Title","Default Title","580000"
"roma","ROMA","Title","Default Title","580000"
"milano","MILANO","Title","Default Title","580000"
"di-parma","DI PARMA","Title","Default Title","580000"
"genova","GENOVA","Title","Default Title","580000"
"club-de-nuit-urban-elixir-edp-105-ml","CLUB DE NUIT URBAN ELIXIR","Title","Default Title","245000"
"club-de-nuit-intense-3-6-edt-m","CLUB DE NUIT INTENSE","Title","Default Title","200000"
"club-de-nuit-sillage-3-6-edp-m","CLUB DE NUIT SILLAGE","Title","Default Title","235000"
"stallion-53-hombre","STALLION 53","Title","Default Title","150000"
"lattafa-badee-al-oud-noble-blush","AL OUD NOBLE BLUSH","Title","Default Title","180000"
"rayhaan-elixir-hombre-100ml","RAYHAAN PACIFIC HOMBRE","Title","Default Title","190000"
"rayhan-pacific-aloha","RAYHAAN PACIFIC ALOHA","Title","Default Title","190000"
"rayhan-obsidian","RAYHAAN OBSIDIAN","Title","Default Title","190000"
"odyssey-tyrant-special-edition-3-4-edp-m","ODYSSEY TYRANT","Title","Default Title","160000"
"oomph","ILMIN IL OOMPH","Title","Default Title","390000"
"arte","ILMIN IL ARTE","Title","Default Title","390000"
"kakuno","ILMIN IL KAKUNO","Title","Default Title","390000"
"lattafa-al-noble-edp-100ml","AL NOBLE LATTAFA","Title","Default Title","180000"
"hayati-gold-elixir","HAYAATI GOLD ELIXIR","Title","Default Title","120000"
"lattafa-eclaire-100ml","ECLAIRE LATTAFA","Title","Default Title","190000"
"hawas-kobra-100ml","HAWAS KOBRA","Title","Default Title","245000"
"khaltaat-al-arabia","KHALTAAT AL ARABIA","Title","Default Title","160000"
"lattafa-khamrah-dukhan-100ml","KHAMRAH DUKHAN","Title","Default Title","190000"
"oud-for-glory","OUD OF GLORY","Title","Default Title","145000"
"khamrah","KHAMRAH","Title","Default Title","160000"
"khamrah-waha","KHAMRAH WAHA","Title","Default Title","295000"
"apus","AHLI APUS","Title","Default Title","370000"
"ursa","AHLI URSA","Title","Default Title","370000"
"alpha","AHLI ALPHA","Title","Default Title","370000"
"sativa","ILMIN IL SATIVA","Title","Default Title","390000"
"lavish","ILMIN IL LAVISH","Title","Default Title","390000"
"lonve","ILMIN IL LONVE","Title","Default Title","390000"
"dolce","ILMIN IL DOLCE","Title","Default Title","390000"
"erotique","ILMIN IL EROTIQUE","Title","Default Title","390000"
"sexuel","ILMIN IL SEXUEL","Title","Default Title","390000"
"piete-sc","ILMIN IL PIETE","Title","Default Title","390000"
"ego","ILMIN IL EGO","Title","Default Title","390000"
"male","ILMIN IL MALE","Title","Default Title","390000"
"peace","ILMIN IL PEACE","Title","Default Title","390000"
"mexico","ILMIN IL MÉXICO","Title","Default Title","390000"
"orgasme","ILMIN IL ORGASME","Title","Default Title","390000"
"lyra","AHLI LYRA","Title","Default Title","370000"
"octans","AHLI OCTANS","Title","Default Title","370000"
"karpos","AHLI KARPOS","Title","Default Title","370000"
"nocturn","NOCTURNE","Title","Default Title","365000"
"belvet-flame","VELVET FLAME","Title","Default Title","365000"
"golden-vibes","GOLDEN VICE","Title","Default Title","365000"
"pearl-obsesion","PEARL OBSESSION","Title","Default Title","365000"
"wild-caramel","WILD CARAMEL","Title","Default Title","365000"
"noir-blossom","NOIR BLOSSOM","Title","Default Title","365000"
"new-gotas-de-color-edt100ml","NEW GOTAS DE COLOR","Title","Default Title","140000"
"ck-one-100ml","CK ONE","Title","Default Title","160000"
"armani-stronger-with-you-100ml","ARMANI STRONGER WITH YOU","Title","Default Title","505000"
"island-breeze","ISLAND BREEZE","Title","Default Title","210000"
"yum-yum-100ml","YUM YUM","Title","Default Title","245000"
"nitro-red-3-4-edp-m","NITRO RED","Title","Default Title","210000"
"dumont-nitro-red-intense","NITRO RED INTENSELY","Title","Default Title","285000"
"ch-la-bomba-edp-80ml","CAROLINA HERRERA LA BOMBA","Title","Default Title","525000"
"maison-alhambra-jean-lowe-azzure","JEAN LOWE AZURE","Title","Default Title","180000"
"afnan-turathi-electric-3-0-edp-u","TURATHI ELECTRIC","Title","Default Title","255000"
"french-avenue-azzure-100ml","AZZURE AOUD","Title","Default Title","230000"
"french-avenue-liquid-brun","LIQUID BRUN","Title","Default Title","210000"
"valentino-uomo-born-in-roma-100ml","VALENTINO UOMO BORN IN ROMA","Title","Default Title","505000"
"valentino-uomo-born-in-roma-fantasy-100ml","VALENTINO BORN IN ROMA FANTASY","Title","Default Title","495000"
"hawas-edp-100ml-hombre","HAWAS FOR HIM","Title","Default Title","225000"
"maahir-legacy","MAAHIR LEGACY","Title","Default Title","210000"
"lattafa-atlas","LATTAFA ATLAS","Title","Default Title","245000"
"lattafa-yara-candy-100ml","LATTAFA YARA CANDY","Title","Default Title","170000"
"lattafa-asad-hombre-100ml","LATTAFA ASAD HOMBRE","Title","Default Title","150000"
"lattafa-asad-bourbon-100ml","LATTAFA ASAD BOURBON","Title","Default Title","200000"
"lattafa-jasoor-men","LATTAFA JASOOR MEN","Title","Default Title","190000"
"lattafa-mayar-100ml","LATTAFA MAYAR","Title","Default Title","180000"
"germany","GERMANY 92","Title","Default Title","330000"
"italy","ITALY 86","Title","Default Title","330000"
"rioh","RIOH 99","Title","Default Title","330000"
"odyssey-go-mango","ODYSSEY GO MANGO","Title","Default Title","180000"
"odyssey-artisto","ODYSSEY ARTISTO","Title","Default Title","200000"
"odysey-aqua","ODYSSEY AQUA","Title","Default Title","225000"
"club-de-nuit-milestone-unisex-105-ml","CLUB DE NUIT MILESTONE","Title","Default Title","245000"
"odyssey-mandarin-sky-3-4-edp-m","ODYSSEY MANDARIN SKY","Title","Default Title","200000"
"club-de-nuit-maleka-3-6-edp-l","CLUB DE NUIT MALEKA","Title","Default Title","225000"
"odyssey-candee-3-4-edp-l","ODYSSEY CANDEE","Title","Default Title","190000"
"odyssey-wild-one-100ml","ODYSSEY WILD ONE","Title","Default Title","190000"
"odyssey-mandarin-sky-elixir-100-ml","ODYSSEY MANDARIN SKY ELIXIR","Title","Default Title","265000"
"odysey-marshmallow","ODYSSEY MARSHMALLOW","Title","Default Title","245000"
"yara","YARA","Title","Default Title","170000"
"virgo","AHLI VIRGO","Title","Default Title","370000"
"vega","AHLI VEGA","Title","Default Title","370000"
"sahara","MATAI SAHARA","Title","Default Title","305000"
"oryx","MATAI ORYX","Title","Default Title","305000"
"mirza","MATAI MIRZA","Title","Default Title","305000"
"lunar","MATAI LUNAR","Title","Default Title","305000"
"kaif","MATAI KAIF","Title","Default Title","305000"
"adhara","MATAI ADHARA","Title","Default Title","305000"
"emmer","EMEER","Title","Default Title","245000"
"amber-skin","AMBER SKIN","Title","Default Title","365000"
"amber-mirage","AMBER MIRAGE","Title","Default Title","365000"
"amber-arabian","AMBER ARABIAN","Title","Default Title","575000"
"strong-as-metal","STRONG AS METAL","Title","Default Title","575000"
"deep-smoke","DEEP SMOKE","Title","Default Title","575000"
"imagine","IMAGINE","Title","Default Title","575000"
"forgive-us","FORGIVE US","Title","Default Title","575000"
"spice-mecican","SPICE MEXICAN","Title","Default Title","575000"
"sinfonia-21","SINFONÍA 21","Title","Default Title","575000"
"aurora-pacifica","AURORA PACIFIC","Title","Default Title","575000"
"cabo-cristal","CABO CRISTAL","Title","Default Title","575000"
"alma-del-mar","ALMA DEL MAR","Title","Default Title","575000"
"overdose","AHLI OVERDOSE","Title","Default Title","370000"
"macamel","AHLI MACAMEL","Title","Default Title","370000"
"genimi","AHLI GEMINI","Title","Default Title","370000"
"crux","AHLI CRUX","Title","Default Title","370000"
"corvus","AHLI CORVUS","Title","Default Title","370000"
"canes","AHLI CANES","Title","Default Title","370000"
"rayhaan-tiger","RAYHAAN TIGER","Title","Default Title","170000"
"rayhaan-pacific-aura-hombre-100ml","RAYHAAN PACIFIC AURA","Title","Default Title","210000"
"hawas-tropical-100ml","HAWAS TROPICAL","Title","Default Title","265000"
"hawas-malibu-hombre","HAWAS MALIBU","Title","Default Title","265000"
"hawas-london-100ml","HAWAS LONDON","Title","Default Title","295000"
"hawas-ice","HAWAS ICE","Title","Default Title","255000"
"hawas-for-her","HAWAS FOR HER","Title","Default Title","245000"
"hawas-fire-edp-100ml","HAWAS FIRE EDP","Title","Default Title","275000"
"hawas-elixir-unisex-100ml","HAWAS ELIXIR UNISEX","Title","Default Title","275000"
"hawas-eclat-for-her-100ml","HAWAS ECLAT FOR HER","Title","Default Title","255000"
"hawas-black-100ml","HAWAS BLACK","Title","Default Title","255000"
"hawas-atlantis-100ml","HAWAS ATLANTIS","Title","Default Title","295000"
"noor","MATAI NOOR","Title","Default Title","305000"
"nasim","MATAI NASIM","Title","Default Title","305000"
"celeste","MATAI CELESTE","Title","Default Title","305000"
"aura","MATAI AURA","Title","Default Title","305000"
"maison-alhambra-delilah-pour-femme","MAISON ALHAMBRA DELILAH POUR FEMME","Title","Default Title","180000"
"lattafa-victoria-100ml","LATTAFA VICTORIA","Title","Default Title","200000"
"lattafa-qaed-al-fursan-untamed","LATTAFA QAED AL FURSAN UNTAMED","Title","Default Title","150000"
"lattafa-qaed-al-fursan","LATTAFA QAED AL FURSAN","Title","Default Title","140000"
"al-oud-sublime","AL OUD SUBLIME","Title","Default Title","190000"
"lattafa-khamrah-qahwa","LATTAFA KHAMRAH QAHWA","Title","Default Title","190000"
"lattafa-pride-art-of-universe","LATTAFA PRIDE ART OF UNIVERSE","Title","Default Title","265000"
"maison-alhambra-jean-lowe-matriere","MAISON ALHAMBRA JEAN LOWE MAITRE","Title","Default Title","160000"
"maison-alhambra-spectre-malachite","MAISON ALHAMBRA SCEPTRE MALACHITE","Title","Default Title","210000"
"lattafa-musaman-white","LATTAFA MUSAMAM WHITE","Title","Default Title","210000"
"al-oud-honor-glory","AL OUD HONOR & GLORY","Title","Default Title","170000"
"alhambra-jean-lowe-fraiche","ALHAMBRA JEAN LOWE FRAICHE","Title","Default Title","135000"
"amethyst","AMETHYST","Title","Default Title","160000"
"al-qiam-gold","AL QIAM GOLD","Title","Default Title","200000"
"ajwad-lattafa","AJWAD LATTAFA","Title","Default Title","170000"
"ariana-grande-thank-you-next-100ml","ARIANA GRANDE THANK U NEXT","Title","Default Title","295000"
"ariana-grande-thank-you-next2-0","ARIANA GRANDE THANK U NEXT 2.0","Title","Default Title","265000"
"ariana-grande-cloud","ARIANA GRANDE CLOUD","Title","Default Title","285000"
"bharara-king-3-4","BHARARA KING","Title","Default Title","310000"
"al-haramain-amber-oud-rouge-unisex-edp-60-ml","AMBER OUD ROUGE","Title","Default Title","265000"
"al-haramain-amber-oud-gold-edp-60ml","AMBER OUD GOLD","Title","Default Title","265000"
"al-haramain-amber-oud-dubai-night-edp-100ml","AMBER OUD DUBAI NIGHT","Title","Default Title","315000"
"9pm-elixir","9PM ELIXIR","Title","Default Title","230000"
"9pm-black","9PM BLACK","Title","Default Title","180000"
"9-pm-dive","9AM DIVE","Title","Default Title","180000"
"sabah","MATAI SABAH","Title","Default Title","305000"
"assad-elixir","ASAD ELIXIR","Title","Default Title","210000"
